NOC,avg_gold,avg_silver,avg_bronze,avg_total,var_gold,var_silver,var_bronze,var_total,avg_diff_gold,avg_diff_silver,avg_diff_bronze,avg_diff_total,recent_20_years_count,recent_40_years_count,recent_80_years_count,normalized_var_gold,normalized_var_silver,normalized_var_bronze,normalized_var_total,normalized_avg_diff_gold,normalized_avg_diff_silver,normalized_avg_diff_bronze,normalized_avg_diff_total
Afghanistan,0.0,0.0,1.0,1.0,0.0,0.0,0.0,0.0,0.0,0.0,0.0,0.0,2,2,2,0.0,0.0,0.0,0.0,0.0,0.0,0.0,0.0
Albania,0.0,0.0,2.0,2.0,,,,,0.0,0.0,0.0,0.0,1,1,1,,,,,0.0,0.0,0.0,0.0
Algeria,0.875,0.5,1.125,2.5,0.6964285714285714,0.5714285714285714,0.9821428571428573,1.4285714285714286,0.328125,0.3125,0.22916666666666669,0.21875,4,7,7,0.00010109283951641334,9.392317084624777e-05,0.00016565067585475743,2.7005130974885227e-05,0.328125,0.3125,0.22916666666666669,0.21875
Argentina,1.0476190476190477,1.2857142857142858,1.4761904761904763,3.8095238095238093,1.4476190476190474,0.9142857142857143,1.361904761904762,4.261904761904763,0.3386243386243386,0.2539682539682539,0.23129251700680276,0.2872260015117158,5,10,10,0.00021013485957599768,0.00015027707335399642,0.00022970227051859714,8.056530740840757e-05,0.33862433862433855,0.2539682539682539,0.23129251700680276,0.28722600151171584
Armenia,0.2857142857142857,1.5714285714285714,1.2857142857142858,3.142857142857143,0.23809523809523814,1.2857142857142856,1.9047619047619049,2.142857142857143,0.4081632653061224,0.3129251700680272,0.2448979591836735,0.3163265306122449,5,7,7,3.456165453552593e-05,0.00021132713440405752,0.00032126191680922667,4.0507696462327836e-05,0.4081632653061224,0.3129251700680272,0.2448979591836735,0.31632653061224486
Australasia,1.5,2.0,2.5,6.0,0.5,0.0,0.5,2.0,0.5,0.0,0.5,0.5,0,0,0,7.257947452460442e-05,0.0,8.4331253162422e-05,3.78071833648393e-05,0.5,0.0,0.5,0.5
Australia,6.5,6.857142857142857,8.071428571428571,21.428571428571427,32.70370370370371,40.7936507936508,48.14285714285714,312.40211640211635,0.2579365079365079,0.19428571428571426,0.26131322094055015,0.26172574292875045,5,10,10,0.004747235259646349,0.00670507080763491,0.008119894947353204,0.005905522049189348,0.2579365079365079,0.19428571428571426,0.2613132209405501,0.26172574292875045
Austria,0.8518518518518519,1.3333333333333333,1.7037037037037037,3.888888888888889,1.284900284900285,2.384615384615384,1.754985754985755,9.717948717948717,0.1640603566529492,0.15167548500881836,0.20521262002743482,0.11728395061728396,4,9,9,0.00018651477498915449,0.00039194861680068776,0.000296000296000296,0.00018370413455479623,0.1640603566529492,0.15167548500881836,0.20521262002743487,0.11728395061728393
Azerbaijan,1.125,2.0,3.875,7.0,0.6964285714285713,5.1428571428571415,8.982142857142858,26.0,0.328125,0.2142857142857143,0.19062500000000002,0.19117647058823528,5,8,8,0.00010109283951641334,0.0008453085376162298,0.0015149507264535093,0.0004914933837429112,0.328125,0.21428571428571427,0.190625,0.19117647058823534
Bahamas,0.8,0.2,0.6,1.6,0.6222222222222222,0.17777777777777778,0.26666666666666666,0.48888888888888893,0.32,0.32,0.48,0.3,4,8,8,9.03211238528411e-05,2.922054204105486e-05,4.497666835329174e-05,9.24175593362739e-06,0.32,0.32,0.48,0.3
Bahrain,1.0,0.75,0.25,2.0,0.6666666666666666,0.25000000000000006,0.25,2.0000000000000004,0.25,0.375,0.375,0.3333333333333333,4,4,4,9.67726326994726e-05,4.10913872452334e-05,4.2165626581211e-05,3.7807183364839316e-05,0.25,0.375,0.375,0.33333333333333337
Barbados,0.0,0.0,1.0,1.0,,,,,0.0,0.0,0.0,0.0,0,1,1,,,,,0.0,0.0,0.0,0.0
Belarus,1.8571428571428572,4.285714285714286,6.0,12.142857142857142,0.8095238095238096,1.2380952380952381,8.666666666666666,12.80952380952381,0.36734693877551017,0.2993197278911564,0.2857142857142857,0.2979591836734694,4,7,7,0.00011750962542078813,0.0002035002035002035,0.0014617417214819815,0.00024214600774147082,0.3673469387755102,0.2993197278911564,0.2857142857142857,0.29795918367346935
Belgium,1.6785714285714286,2.0357142857142856,2.3214285714285716,6.035714285714286,7.855820105820108,6.554232804232805,4.744708994708994,47.73941798941798,0.11661807580174925,0.14819109461966606,0.1219851576994434,0.11377551020408164,5,10,10,0.0011403425904804917,0.0010772900730165688,0.0008002545108296499,0.0009024464648283178,0.11661807580174925,0.14819109461966606,0.12198515769944339,0.11377551020408162
Bermuda,0.5,0.0,0.5,1.0,0.5,0.0,0.5,0.0,0.5,0.0,0.5,0.0,1,1,1,7.257947452460445e-05,0.0,8.4331253162422e-05,0.0,0.5,0.0,0.5,0.0
Bohemia,0.0,0.5,1.5,2.0,0.0,0.5,0.5,0.0,0.0,0.5,0.5,0.0,0,0,0,0.0,8.218277449046679e-05,8.433125316242203e-05,0.0,0.0,0.5,0.5,0.0
Botswana,0.3333333333333333,0.6666666666666666,0.3333333333333333,1.3333333333333333,0.33333333333333337,0.33333333333333337,0.33333333333333337,0.33333333333333337,0.4444444444444445,0.4444444444444445,0.4444444444444444,0.4444444444444444,3,3,3,4.838631634973629e-05,5.478851632697786e-05,5.622083544161467e-05,6.30119722747322e-06,0.4444444444444444,0.4444444444444445,0.4444444444444444,0.4444444444444444
Brazil,1.9047619047619047,2.3333333333333335,3.857142857142857,8.095238095238095,4.7904761904761894,6.433333333333333,11.72857142857143,51.990476190476194,0.2429543245869776,0.3174603174603175,0.2952380952380952,0.31541950113378686,5,10,10,0.0006953804892547817,0.0010574183651106727,0.001978170252752813,0.0009828067332793232,0.24295432458697763,0.3174603174603175,0.2952380952380952,0.3154195011337868
British West Indies,0.0,0.0,2.0,2.0,,,,,0.0,0.0,0.0,0.0,0,0,0,,,,,0.0,0.0,0.0,0.0
Bulgaria,3.1666666666666665,4.944444444444445,4.722222222222222,12.833333333333334,8.029411764705882,20.173202614379086,19.27124183006536,120.26470588235291,0.21296296296296294,0.22530864197530864,0.20100308641975306,0.20324074074074072,5,10,10,0.0011655409732480597,0.003315779522416023,0.0032503359470509967,0.002273434893806294,0.21296296296296294,0.22530864197530867,0.20100308641975306,0.20324074074074075
Burkina Faso,0.0,0.0,1.0,1.0,,,,,0.0,0.0,0.0,0.0,1,1,1,,,,,0.0,0.0,0.0,0.0
Burundi,0.5,0.5,0.0,1.0,0.5,0.5,0.0,0.0,0.5,0.5,0.0,0.0,1,2,2,7.257947452460445e-05,8.218277449046679e-05,0.0,0.0,0.5,0.5,0.0,0.0
Cabo Verde,0.0,0.0,1.0,1.0,,,,,0.0,0.0,0.0,0.0,1,1,1,,,,,0.0,0.0,0.0,0.0
Cameroon,0.5,0.16666666666666666,0.3333333333333333,1.0,0.3,0.16666666666666669,0.2666666666666667,0.0,0.5,0.27777777777777785,0.4444444444444444,0.0,2,4,4,4.354768471476267e-05,2.7394258163488934e-05,4.4976668353291735e-05,0.0,0.5,0.27777777777777785,0.4444444444444444,0.0
Canada,2.857142857142857,4.178571428571429,5.607142857142857,12.642857142857142,6.9417989417989405,13.92989417989418,19.728835978835985,91.94179894179894,0.18673469387755098,0.14441609977324266,0.2326211734693877,0.17323208353108685,5,10,10,0.0010076642389024448,0.002289594704124619,0.0033275149230622323,0.0017380302257428912,0.18673469387755107,0.14441609977324263,0.23262117346938768,0.17323208353108685
Ceylon,0.0,1.0,0.0,1.0,,,,,0.0,0.0,0.0,0.0,0,0,0,,,,,0.0,0.0,0.0,0.0
Chile,0.375,1.0,0.5,1.875,0.5535714285714286,0.5714285714285714,0.5714285714285715,1.2678571428571428,0.28125,0.25,0.3125,0.2916666666666667,2,5,5,8.035584679509777e-05,9.392317084624777e-05,9.637857504276803e-05,2.396705374021064e-05,0.28125,0.25,0.3125,0.2916666666666667
China,27.545454545454547,20.545454545454547,18.0,66.0909090909091,176.87272727272725,57.672727272727265,45.0,607.490909090909,0.25254660772631177,0.2479338842975207,0.26839826839826836,0.28168044077134985,5,10,10,0.025674659206376432,0.009479409479409482,0.007589812784617979,0.011483760096236468,0.2525466077263117,0.2479338842975206,0.26839826839826836,0.28168044077134985
Chinese Taipei,0.9,1.0,2.2,4.1,0.7666666666666667,1.5555555555555556,4.3999999999999995,11.877777777777776,0.36,0.2,0.28,0.2290909090909091,5,9,9,0.00011128852760439347,0.00025567974285923,0.0007421150278293135,0.00022453266120562912,0.36,0.2,0.28,0.2290909090909091
Colombia,0.45454545454545453,1.4545454545454546,1.5454545454545454,3.4545454545454546,0.8727272727272728,2.0727272727272728,2.0727272727272728,8.072727272727274,0.22038567493112945,0.30578512396694213,0.2115702479338843,0.2768595041322314,5,9,9,0.0001266841737156732,0.00034068495606957145,0.00034959137674604024,0.00015260354012716962,0.22038567493112948,0.30578512396694213,0.2115702479338843,0.2768595041322314
Costa Rica,0.3333333333333333,0.3333333333333333,0.6666666666666666,1.3333333333333333,0.33333333333333337,0.33333333333333337,1.3333333333333335,0.33333333333333337,0.4444444444444444,0.4444444444444444,0.4444444444444445,0.4444444444444444,0,3,3,4.83863163497363e-05,5.478851632697786e-05,0.00022488334176645872,6.30119722747322e-06,0.4444444444444444,0.4444444444444444,0.4444444444444445,0.4444444444444444
Croatia,1.7777777777777777,1.6666666666666667,1.8888888888888888,5.333333333333333,2.6944444444444446,1.0000000000000002,0.8611111111111109,7.5,0.26172839506172835,0.2716049382716049,0.20576131687242802,0.2685185185185185,5,9,9,0.000391122723827035,0.0001643655489809336,0.0001452371582241712,0.00014177693761814746,0.26172839506172835,0.271604938271605,0.20576131687242802,0.26851851851851855
Cuba,5.0588235294117645,4.117647058823529,5.176470588235294,14.352941176470589,17.183823529411764,11.86029411764706,22.779411764705884,116.86764705882355,0.24023727137913986,0.2598301352626612,0.212904538978221,0.3026528258362169,5,9,9,0.0024943857641764795,0.001949423753722396,0.0038420326808409314,0.002209218280885132,0.24023727137913992,0.2598301352626612,0.21290453897822104,0.3026528258362169
Cyprus,0.0,1.0,0.0,1.0,0.0,0.0,0.0,0.0,0.0,0.0,0.0,0.0,2,2,2,0.0,0.0,0.0,0.0,0.0,0.0,0.0,0.0
Czech Republic,2.75,2.75,3.5,9.0,1.6428571428571428,1.6428571428571428,3.4285714285714284,4.857142857142857,0.3541666666666667,0.21875,0.22916666666666669,0.29166666666666663,5,8,8,0.00023847541629512894,0.00027002911618296237,0.0005782714502566079,9.181744531460978e-05,0.35416666666666663,0.21875000000000003,0.22916666666666666,0.2916666666666667
Czechoslovakia,3.0625,3.125,2.9375,9.125,4.729166666666668,2.25,3.9291666666666676,10.783333333333335,0.24441964285714285,0.19270833333333334,0.1640625,0.2109375,0,2,2,0.0006864808632118836,0.00036982248520710053,0.0006627030977680327,0.0002038437303087586,0.24441964285714288,0.19270833333333331,0.1640625,0.21093749999999997
Denmark,1.7241379310344827,2.8275862068965516,2.896551724137931,7.448275862068965,1.3497536945812805,4.86206896551724,3.3103448275862077,14.684729064039404,0.17502972651605234,0.19342053111375349,0.16171224732461356,0.14544089116966016,5,10,10,0.0001959288277807056,0.0007991566347004014,0.0005583310554201731,0.0002775941221935616,0.17502972651605234,0.19342053111375349,0.16171224732461356,0.14544089116966016
Djibouti,0.0,0.0,1.0,1.0,,,,,0.0,0.0,0.0,0.0,0,1,1,,,,,0.0,0.0,0.0,0.0
Dominica,1.0,0.0,0.0,1.0,,,,,0.0,0.0,0.0,0.0,1,1,1,,,,,0.0,0.0,0.0,0.0
Dominican Republic,0.5714285714285714,0.7142857142857143,0.8571428571428571,2.142857142857143,0.28571428571428575,1.238095238095238,0.8095238095238096,2.142857142857143,0.489795918367347,0.27210884353741494,0.36734693877551017,0.2653061224489796,5,6,6,4.147398544263111e-05,0.0002035002035002035,0.00013653631464392133,4.050769646232785e-05,0.489795918367347,0.27210884353741494,0.3673469387755102,0.26530612244897955
East Germany,30.6,25.8,25.4,81.8,244.3,125.2,160.3,1476.2,0.3389473684210526,0.2914285714285714,0.24228571428571427,0.28752475247524756,0,1,1,0.03546233125272173,0.020578566732412887,0.02703659976387248,0.0279054820415879,0.3389473684210526,0.2914285714285715,0.2422857142857143,0.2875247524752475
Ecuador,1.0,1.0,0.5,2.5,0.6666666666666666,0.6666666666666666,1.0,3.6666666666666665,0.25,0.25,0.375,0.375,3,4,4,9.67726326994726e-05,0.00010957703265395574,0.000168662506324844,6.931316950220542e-05,0.25,0.25,0.375,0.375
Egypt,0.75,1.0,1.6666666666666667,3.4166666666666665,0.75,0.7272727272727273,1.3333333333333333,2.8106060606060606,0.375,0.16666666666666666,0.23611111111111113,0.2833333333333334,5,6,6,0.0001088692117869067,0.00011953858107704262,0.00022488334176645866,5.3130549349831014e-05,0.375,0.1666666666666667,0.23611111111111113,0.2833333333333334
Eritrea,0.0,0.0,1.0,1.0,,,,,0.0,0.0,0.0,0.0,0,1,1,,,,,0.0,0.0,0.0,0.0
Estonia,0.9090909090909091,0.8181818181818182,1.5454545454545454,3.272727272727273,0.49090909090909085,0.5636363636363637,1.4727272727272729,3.6181818181818173,0.24793388429752064,0.29752066115702475,0.23966942148760328,0.2479338842975207,4,7,7,7.12598477150662e-05,9.264240033470804e-05,0.0002483938729511339,6.839663172366385e-05,0.24793388429752064,0.2975206611570248,0.23966942148760328,0.24793388429752064
Ethiopia,1.7142857142857142,1.0714285714285714,1.6428571428571428,4.428571428571429,1.450549450549451,1.3021978021978025,2.093406593406593,7.032967032967032,0.2397959183673469,0.3163265306122449,0.22448979591836737,0.3236151603498543,5,9,9,0.0002105602337856656,0.00021403645664000694,0.0003530792028009096,0.00013294833710712726,0.23979591836734687,0.31632653061224486,0.22448979591836737,0.3236151603498543
FR Yugoslavia,1.0,1.0,1.5,3.5,0.0,0.0,0.5,0.5,0.0,0.0,0.5,0.5,0,2,2,0.0,0.0,8.433125316242198e-05,9.451795841209826e-06,0.0,0.0,0.5,0.5
Fiji,0.6666666666666666,0.3333333333333333,0.3333333333333333,1.3333333333333333,0.33333333333333337,0.33333333333333337,0.33333333333333337,0.3333333333333333,0.4444444444444445,0.4444444444444445,0.4444444444444444,0.4444444444444444,3,3,3,4.838631634973629e-05,5.478851632697787e-05,5.622083544161467e-05,6.3011972274732205e-06,0.4444444444444444,0.4444444444444445,0.4444444444444444,0.4444444444444444
Finland,3.923076923076923,3.269230769230769,4.576923076923077,11.76923076923077,17.353846153846156,12.524615384615386,16.173846153846146,114.5846153846154,0.21420118343195266,0.21961766044606282,0.26172052799271733,0.25279421433267585,4,9,9,0.002519066069653963,0.002058615283467355,0.00272792142922013,0.0021660607823178715,0.21420118343195266,0.21961766044606282,0.26172052799271733,0.25279421433267585
Formosa,0.0,1.0,0.0,1.0,,,,,0.0,0.0,0.0,0.0,0,0,0,,,,,0.0,0.0,0.0,0.0
France,8.0,9.266666666666667,9.966666666666667,27.233333333333334,30.20689655172414,65.58160919540231,56.791954022988506,394.9436781609195,0.14814814814814817,0.15321637426900586,0.1521921921921922,0.13838779956427014,5,10,10,0.004384801357486447,0.010779357198455342,0.009578673304602546,0.0074658540295069855,0.14814814814814822,0.15321637426900586,0.15219219219219218,0.13838779956427014
Gabon,0.0,1.0,0.0,1.0,,,,,0.0,0.0,0.0,0.0,1,1,1,,,,,0.0,0.0,0.0,0.0
Georgia,1.625,1.875,2.375,5.875,1.4107142857142858,2.6964285714285716,3.6964285714285716,3.8392857142857144,0.32291666666666663,0.23125,0.24479166666666666,0.23958333333333337,5,8,8,0.00020477780312299102,0.00044319996243073165,0.0006234489073079055,7.257628949500402e-05,0.32291666666666674,0.23125,0.24479166666666669,0.23958333333333326
Germany,12.222222222222221,12.5,14.38888888888889,39.111111111111114,101.12418300653593,50.85294117647059,85.19281045751634,610.2222222222222,0.18843404808317088,0.19444444444444442,0.24403292181069958,0.2018250134192163,5,9,9,0.014679080128688626,0.008358471593765711,0.014368832932622085,0.011535391724427642,0.18843404808317088,0.19444444444444445,0.24403292181069958,0.20182501341921633
Ghana,0.0,0.2,0.8,1.0,0.0,0.20000000000000004,0.2,0.0,0.0,0.31999999999999995,0.31999999999999995,0.0,1,2,2,0.0,3.287310979618672e-05,3.3732501264968805e-05,0.0,0.0,0.31999999999999995,0.3200000000000001,0.0
Great Britain,9.966666666666667,11.3,11.433333333333334,32.7,132.51609195402298,88.97586206896553,72.25402298850574,782.0793103448276,0.14222222222222222,0.12226666666666665,0.1596011396011396,0.13194444444444445,5,10,10,0.019235896640154303,0.014624566415017345,0.012186544609294272,0.014784107946026989,0.14222222222222225,0.12226666666666665,0.1596011396011396,0.13194444444444442
Greece,1.7142857142857142,2.1904761904761907,2.238095238095238,6.142857142857143,6.414285714285714,16.661904761904765,16.890476190476186,104.22857142857147,0.18095238095238095,0.1378180901990426,0.11552691251939373,0.12688553682342502,5,10,10,0.0009310909731870683,0.0027386431232585082,0.0028487900473058167,0.0019702943559276264,0.18095238095238095,0.13781809019904256,0.11552691251939373,0.12688553682342502
Grenada,0.25,0.25,0.75,1.25,0.25000000000000006,0.25000000000000006,0.9166666666666666,0.25,0.375,0.375,0.375,0.375,4,4,4,3.628973726230222e-05,4.10913872452334e-05,0.00015460729746444036,4.725897920604915e-06,0.375,0.375,0.375,0.375
Guatemala,0.5,0.5,0.5,1.5,0.5,0.5,0.5,0.5,0.5,0.5,0.5,0.5,2,2,2,7.257947452460445e-05,8.218277449046679e-05,8.4331253162422e-05,9.45179584120983e-06,0.5,0.5,0.5,0.5
Guyana,0.0,0.0,1.0,1.0,,,,,0.0,0.0,0.0,0.0,0,0,0,,,,,0.0,0.0,0.0,0.0
Haiti,0.0,0.5,0.5,1.0,0.0,0.5,0.5,0.0,0.0,0.5,0.5,0.0,0,0,0,0.0,8.218277449046679e-05,8.4331253162422e-05,0.0,0.0,0.5,0.5,0.0
Hong Kong,0.8,0.6,1.2,2.6,0.7,0.8,1.7,5.3,0.32,0.36,0.3466666666666666,0.384,3,5,5,0.00010161126433444623,0.00013149243918474687,0.00028672626075223475,0.00010018903591682419,0.32,0.36,0.3466666666666667,0.384
Hungary,6.678571428571429,5.785714285714286,6.5,18.964285714285715,12.448412698412701,10.989417989417989,21.14814814814815,93.88756613756615,0.18809523809523807,0.21896258503401358,0.22544642857142858,0.200187969924812,5,10,10,0.0018069985046324135,0.0018062817208116353,0.0035668996707957754,0.001774812214320721,0.18809523809523807,0.2189625850340136,0.22544642857142858,0.20018796992481205
Iceland,0.0,0.5,0.5,1.0,0.0,0.3333333333333333,0.3333333333333333,0.0,0.0,0.5,0.5,0.0,1,2,2,0.0,5.478851632697786e-05,5.622083544161467e-05,0.0,0.0,0.5,0.5,0.0
Independent Olympic Athletes,1.0,0.0,1.0,2.0,,,,,0.0,0.0,0.0,0.0,1,1,1,,,,,0.0,0.0,0.0,0.0
Independent Olympic Participants,0.0,1.0,2.0,3.0,,,,,0.0,0.0,0.0,0.0,0,1,1,,,,,0.0,0.0,0.0,0.0
India,0.5,0.5,1.05,2.05,0.26315789473684204,0.5789473684210528,2.365789473684211,3.7342105263157896,0.5,0.325,0.21600000000000003,0.22999999999999998,5,8,8,3.819972343400234e-05,9.515900204159312e-05,0.00039901998206851247,7.058999104566709e-05,0.5,0.325,0.21600000000000003,0.22999999999999998
Indonesia,1.0,1.4,1.6,4.0,0.4444444444444444,0.7111111111111111,1.6000000000000003,2.4444444444444446,0.2,0.22666666666666666,0.25,0.24000000000000005,5,10,10,6.451508846631507e-05,0.00011688216816421947,0.00026986001011975044,4.6208779668136946e-05,0.2,0.22666666666666666,0.25,0.24000000000000005
Iran,1.5,1.6111111111111112,1.7777777777777777,4.888888888888889,3.4411764705882355,2.722222222222222,1.2418300653594776,11.986928104575163,0.20634920634920637,0.198559670781893,0.2222222222222222,0.22119341563786013,5,10,10,0.0004995175599634541,0.0004474395500036526,0.00020945017125307422,0.00022659599441540948,0.2063492063492064,0.198559670781893,0.2222222222222222,0.22119341563786013
Iraq,0.0,0.0,1.0,1.0,,,,,0.0,0.0,0.0,0.0,0,0,0,,,,,0.0,0.0,0.0,0.0
Ireland,1.0,0.6666666666666666,1.1333333333333333,2.8,1.5714285714285714,0.38095238095238093,1.838095238095238,3.885714285714286,0.23333333333333334,0.26666666666666666,0.2777777777777778,0.2711111111111111,5,8,8,0.0002281069199344711,6.261544723083185e-05,0.00031001774972090363,7.345395625168781e-05,0.23333333333333336,0.26666666666666666,0.2777777777777778,0.2711111111111111
Israel,0.5,0.75,1.25,2.5,0.5714285714285714,3.0714285714285716,0.21428571428571425,4.285714285714286,0.3125,0.225,0.375,0.25,4,8,8,8.294797088526223e-05,0.0005048370432985817,3.6141965641038e-05,8.101539292465567e-05,0.3125,0.225,0.3749999999999999,0.25
Italy,8.214285714285714,7.321428571428571,8.142857142857142,23.678571428571427,12.76719576719577,13.55952380952381,21.312169312169313,104.67063492063488,0.23001700680272102,0.2689200680272109,0.1826530612244898,0.23575680272108843,5,10,10,0.0018532727198716462,0.002228718574872421,0.0035945638914099015,0.0019786509436793,0.23001700680272102,0.2689200680272109,0.1826530612244898,0.2357568027210885
Ivory Coast,0.25,0.25,0.75,1.25,0.25000000000000006,0.25000000000000006,0.25000000000000006,0.25,0.375,0.375,0.375,0.375,3,3,3,3.628973726230222e-05,4.10913872452334e-05,4.2165626581211e-05,4.725897920604915e-06,0.375,0.375,0.375,0.375
Jamaica,1.588235294117647,2.2941176470588234,1.6470588235294117,5.529411764705882,3.8823529411764706,2.8455882352941173,1.8676470588235294,14.264705882352942,0.26412918108419836,0.22837370242214533,0.2802768166089965,0.2577854671280277,5,10,10,0.0005635582727792816,0.00046771667246780363,0.00031500203387139987,0.00026965417546980983,0.26412918108419836,0.22837370242214533,0.2802768166089965,0.2577854671280277
Japan,8.217391304347826,7.043478260869565,8.391304347826088,23.652173913043477,46.08695652173913,12.40711462450593,30.24901185770751,196.23715415019768,0.19589722047188968,0.1833648393194707,0.2048789269961293,0.1889032600404603,5,10,10,0.006689934173572237,0.0020393022065262867,0.005101874153770874,0.003709587034975381,0.19589722047188968,0.18336483931947067,0.2048789269961293,0.1889032600404603
Jordan,0.3333333333333333,0.6666666666666666,0.3333333333333333,1.3333333333333333,0.33333333333333337,0.33333333333333337,0.33333333333333337,0.3333333333333333,0.4444444444444444,0.4444444444444445,0.4444444444444444,0.4444444444444444,3,3,3,4.83863163497363e-05,5.478851632697786e-05,5.622083544161467e-05,6.3011972274732205e-06,0.4444444444444444,0.4444444444444445,0.4444444444444444,0.4444444444444444
Kazakhstan,1.875,3.125,4.75,9.75,1.2678571428571426,2.4107142857142856,9.928571428571429,11.071428571428571,0.30208333333333337,0.22499999999999998,0.24374999999999997,0.24375000000000002,5,8,8,0.00018404081040167557,0.00039623837700760773,0.0016745777413680939,0.00020928976505536052,0.30208333333333337,0.225,0.24375000000000002,0.24375000000000002
Kenya,2.7857142857142856,3.142857142857143,2.9285714285714284,8.857142857142858,3.719780219780219,2.7472527472527477,3.4560439560439553,15.054945054945055,0.2687074829931973,0.2108843537414966,0.24659863945578225,0.182312925170068,5,10,10,0.0005399593873973319,0.0004515537059915758,0.0005829050355952027,0.0002845925341199443,0.2687074829931973,0.2108843537414966,0.24659863945578234,0.182312925170068
Kosovo,1.0,0.3333333333333333,0.3333333333333333,1.6666666666666667,1.0,0.33333333333333337,0.33333333333333337,0.3333333333333333,0.3333333333333333,0.4444444444444445,0.4444444444444445,0.4444444444444444,3,3,3,0.0001451589490492089,5.478851632697787e-05,5.622083544161468e-05,6.3011972274732205e-06,0.3333333333333333,0.4444444444444445,0.4444444444444445,0.4444444444444444
Kuwait,0.0,0.0,1.0,1.0,0.0,0.0,0.0,0.0,0.0,0.0,0.0,0.0,2,3,3,0.0,0.0,0.0,0.0,0.0,0.0,0.0,0.0
Kyrgyzstan,0.0,1.25,2.0,3.25,0.0,0.9166666666666666,2.0000000000000004,4.249999999999999,0.0,0.375,0.3333333333333333,0.275,3,4,4,0.0,0.00015066841989918914,0.0003373250126496881,8.034026465028356e-05,0.0,0.375,0.33333333333333337,0.27499999999999997
Latvia,0.4444444444444444,1.2222222222222223,0.6666666666666666,2.3333333333333335,0.2777777777777778,1.4444444444444444,0.25,0.9999999999999999,0.4938271604938272,0.19753086419753088,0.4444444444444444,0.271604938271605,3,7,7,4.032193029144691e-05,0.00023741690408357073,4.2165626581211e-05,1.890359168241966e-05,0.4938271604938271,0.19753086419753088,0.4444444444444444,0.271604938271605
Lebanon,0.0,0.6666666666666666,0.6666666666666666,1.3333333333333333,0.0,0.33333333333333337,0.33333333333333337,0.3333333333333333,0.0,0.4444444444444445,0.4444444444444445,0.4444444444444444,0,0,0,0.0,5.478851632697787e-05,5.622083544161467e-05,6.3011972274732205e-06,0.0,0.4444444444444445,0.4444444444444445,0.4444444444444444
Lithuania,0.6666666666666666,1.0,1.6666666666666667,3.3333333333333335,0.7500000000000001,1.25,1.5,2.75,0.3703703703703704,0.2962962962962963,0.345679012345679,0.35185185185185186,5,9,9,0.00010886921178690667,0.00020545693622616698,0.0002529937594872659,5.198487712665406e-05,0.37037037037037035,0.2962962962962963,0.345679012345679,0.35185185185185186
Luxembourg,0.6666666666666666,0.3333333333333333,0.0,1.0,0.33333333333333337,0.33333333333333337,0.0,0.0,0.4444444444444445,0.4444444444444444,0.0,0.0,0,0,0,4.83863163497363e-05,5.478851632697786e-05,0.0,0.0,0.4444444444444444,0.4444444444444444,0.0,0.0
Macedonia,0.0,0.0,1.0,1.0,,,,,0.0,0.0,0.0,0.0,0,1,1,,,,,0.0,0.0,0.0,0.0
Malaysia,0.0,1.1428571428571428,1.0,2.142857142857143,0.0,1.8095238095238095,0.3333333333333333,1.8095238095238093,0.0,0.2040816326530612,0.14285714285714285,0.2040816326530612,5,7,7,0.0,0.00029742337434645125,5.622083544161467e-05,3.4206499234854626e-05,0.0,0.2040816326530612,0.14285714285714285,0.20408163265306123
Mauritius,0.0,0.0,1.0,1.0,,,,,0.0,0.0,0.0,0.0,1,1,1,,,,,0.0,0.0,0.0,0.0
Mexico,0.5909090909090909,1.2272727272727273,1.6818181818181819,3.5,0.8246753246753248,1.6125541125541127,1.5606060606060606,5.595238095238096,0.2506887052341598,0.3691460055096419,0.2613636363636363,0.24431818181818182,5,10,10,0.00011970900343668521,0.00026504834197141894,0.0002632157295675595,0.00010577009631830046,0.2506887052341598,0.3691460055096419,0.2613636363636363,0.24431818181818182
Mixed team,3.6666666666666665,2.0,2.6666666666666665,8.333333333333334,14.333333333333332,7.0,8.333333333333332,86.33333333333334,0.41269841269841273,0.39999999999999997,0.4444444444444444,0.41830065359477125,0,0,0,0.002080611603038661,0.001150558842866535,0.0014055208860403662,0.0016320100819155643,0.41269841269841273,0.39999999999999997,0.4444444444444445,0.41830065359477125
Moldova,0.0,0.6,1.4,2.0,0.0,0.3,0.8,1.5,0.0,0.48,0.31999999999999995,0.26666666666666666,3,5,5,0.0,4.930966469428008e-05,0.0001349300050598752,2.8355387523629484e-05,0.0,0.48,0.31999999999999995,0.2666666666666667
Mongolia,0.15384615384615385,0.9230769230769231,1.3076923076923077,2.3846153846153846,0.30769230769230765,0.576923076923077,1.3974358974358971,2.423076923076923,0.14201183431952663,0.2840236686390532,0.3313609467455621,0.34911242603550297,5,9,9,4.466429201514119e-05,9.482627825823093e-05,0.00023569504088984607,4.580485676893994e-05,0.1420118343195266,0.2840236686390532,0.33136094674556216,0.34911242603550297
Montenegro,0.0,1.0,0.0,1.0,,,,,0.0,0.0,0.0,0.0,1,1,1,,,,,0.0,0.0,0.0,0.0
Morocco,0.6666666666666666,0.4166666666666667,1.0833333333333333,2.1666666666666665,0.6060606060606061,0.26515151515151514,1.3560606060606062,1.4242424242424243,0.3333333333333333,0.48611111111111116,0.1979166666666667,0.22222222222222218,5,10,10,8.797512063588417e-05,4.3581774351005126e-05,0.00022871658054656878,2.6923297244658303e-05,0.3333333333333333,0.4861111111111112,0.1979166666666667,0.22222222222222218
Mozambique,0.5,0.0,0.5,1.0,0.5,0.0,0.5,0.0,0.5,0.0,0.5,0.0,0,2,2,7.257947452460445e-05,0.0,8.4331253162422e-05,0.0,0.5,0.0,0.5,0.0
Namibia,0.0,1.6666666666666667,0.0,1.6666666666666667,0.0,0.33333333333333337,0.0,0.33333333333333337,0.0,0.4444444444444444,0.0,0.4444444444444444,1,3,3,0.0,5.478851632697787e-05,0.0,6.30119722747322e-06,0.0,0.4444444444444445,0.0,0.4444444444444444
Netherlands,4.074074074074074,4.148148148148148,5.0,13.222222222222221,14.994301994301999,10.054131054131055,12.384615384615385,83.25641025641026,0.1938728852309099,0.21742112482853224,0.19576719576719576,0.21641249092229486,5,10,10,0.002176557119219334,0.0016525527702385035,0.0020888202706384525,0.0015738451844311955,0.1938728852309099,0.21742112482853224,0.19576719576719573,0.21641249092229484
Netherlands Antilles,0.0,1.0,0.0,1.0,,,,,0.0,0.0,0.0,0.0,0,1,1,,,,,0.0,0.0,0.0,0.0
New Zealand,2.739130434782609,1.7391304347826086,2.347826086956522,6.826086956521739,7.110671936758894,6.201581027667984,5.32806324110672,38.87747035573123,0.1965973534971644,0.19659735349716448,0.23062381852551983,0.2718137498756343,5,10,10,0.0010321776653736238,0.0010193262701623906,0.0008986445001023308,0.0007349238252501177,0.1965973534971644,0.19659735349716448,0.23062381852551983,0.2718137498756343
Niger,0.0,0.5,0.5,1.0,0.0,0.5,0.5,0.0,0.0,0.5,0.5,0.0,1,1,1,0.0,8.218277449046679e-05,8.4331253162422e-05,0.0,0.0,0.5,0.5,0.0
Nigeria,0.3,1.1,1.3,2.7,0.4555555555555555,1.4333333333333333,0.6777777777777777,3.1222222222222222,0.24,0.31333333333333335,0.2066666666666667,0.288,3,7,7,6.612796567797294e-05,0.00023559062020600487,0.00011431569873128315,5.902121403066582e-05,0.24,0.31333333333333335,0.20666666666666664,0.28800000000000003
North Korea,1.4545454545454546,1.6363636363636365,2.3636363636363638,5.454545454545454,2.2727272727272725,1.6545454545454548,1.8545454545454543,3.072727272727273,0.3057851239669422,0.2644628099173554,0.2016528925619835,0.17473435655253836,4,8,8,0.00032990670238456564,0.000271950271950272,0.0003127922844569834,5.808558171507132e-05,0.3057851239669422,0.2644628099173554,0.2016528925619835,0.17473435655253836
North Macedonia,0.0,1.0,0.0,1.0,,,,,0.0,0.0,0.0,0.0,1,1,1,,,,,0.0,0.0,0.0,0.0
Norway,2.5,2.0384615384615383,2.0384615384615383,6.576923076923077,6.6599999999999975,3.718461538461537,3.9584615384615387,31.93384615384616,0.1272189349112426,0.14266929651545035,0.1591058514135437,0.1093688362919132,5,10,10,0.0009667586006677311,0.0006111869721337177,0.0006676440442674209,0.0006036643885415151,0.1272189349112426,0.14266929651545038,0.1591058514135437,0.1093688362919132
Pakistan,0.4,0.3,0.4,1.1,0.26666666666666666,0.23333333333333334,0.26666666666666666,0.09999999999999999,0.48,0.42000000000000004,0.48,0.18000000000000008,1,3,3,3.8709053079789036e-05,3.83519614288845e-05,4.4976668353291735e-05,1.8903591682419662e-06,0.48,0.42000000000000004,0.48,0.18000000000000002
Panama,0.3333333333333333,0.3333333333333333,0.6666666666666666,1.3333333333333333,0.33333333333333337,0.33333333333333337,1.3333333333333335,0.3333333333333333,0.4444444444444444,0.4444444444444445,0.4444444444444444,0.4444444444444444,2,2,2,4.83863163497363e-05,5.478851632697787e-05,0.0002248833417664587,6.3011972274732205e-06,0.4444444444444444,0.4444444444444445,0.4444444444444444,0.4444444444444444
Paraguay,0.0,1.0,0.0,1.0,,,,,0.0,0.0,0.0,0.0,0,1,1,,,,,0.0,0.0,0.0,0.0
Peru,0.2,0.6,0.2,1.0,0.20000000000000004,0.30000000000000004,0.2,0.0,0.31999999999999995,0.48,0.32,0.0,1,3,3,2.9031789809841776e-05,4.930966469428007e-05,3.37325012649688e-05,0.0,0.31999999999999995,0.48,0.31999999999999995,0.0
Philippines,0.3,0.5,1.0,1.8,0.4555555555555555,0.5,0.8888888888888888,1.7333333333333334,0.24,0.3,0.19999999999999998,0.37333333333333335,3,6,6,6.612796567797294e-05,8.21827744904668e-05,0.00014992222784430582,3.276622558286074e-05,0.24000000000000005,0.3,0.2,0.3733333333333334
Poland,3.217391304347826,4.130434782608695,6.260869565217392,13.608695652173912,5.632411067193675,8.027667984189721,15.928853754940711,60.24901185770752,0.2738320280853363,0.14015662975965432,0.2354847421009992,0.20001219586560154,5,10,10,0.0008175948711269667,0.0013194720552580084,0.002686600397190203,0.001138922719427363,0.27383202808533624,0.1401566297596543,0.23548474210099918,0.20001219586560154
Portugal,0.35294117647058826,0.6470588235294118,0.8823529411764706,1.8823529411764706,0.24264705882352947,0.6176470588235294,0.48529411764705876,1.110294117647059,0.4567474048442907,0.34256055363321797,0.2595155709342561,0.27681660899653987,5,9,9,3.52223920487051e-05,0.00010151989789998839,8.185092218705667e-05,2.0988546647392414e-05,0.4567474048442907,0.34256055363321797,0.2595155709342561,0.2768166089965398
Puerto Rico,0.2222222222222222,0.2222222222222222,0.8888888888888888,1.3333333333333333,0.19444444444444445,0.19444444444444448,0.3611111111111111,0.25,0.345679012345679,0.345679012345679,0.19753086419753088,0.4444444444444444,4,6,6,2.822535120401284e-05,3.195996785740375e-05,6.090590506174922e-05,4.7258979206049145e-06,0.345679012345679,0.345679012345679,0.19753086419753088,0.4444444444444444
Qatar,0.3333333333333333,0.3333333333333333,0.8333333333333334,1.5,0.6666666666666667,0.26666666666666666,0.16666666666666669,0.7,0.2777777777777778,0.4444444444444445,0.27777777777777773,0.3333333333333333,4,6,6,9.677263269947261e-05,4.383081306158229e-05,2.8110417720807336e-05,1.3232514177693764e-05,0.2777777777777778,0.4444444444444445,0.27777777777777773,0.3333333333333333
ROC,20.0,28.0,23.0,71.0,,,,,0.0,0.0,0.0,0.0,1,1,1,,,,,0.0,0.0,0.0,0.0
Refugee Olympic Team,0.0,0.0,1.0,1.0,,,,,0.0,0.0,0.0,0.0,1,1,1,,,,,0.0,0.0,0.0,0.0
Romania,4.428571428571429,4.809523809523809,5.857142857142857,15.095238095238095,20.057142857142857,14.861904761904762,21.62857142857143,143.4904761904762,0.14489795918367346,0.17800453514739228,0.2048819527811125,0.1687598116169545,5,10,10,0.002911473778072704,0.002442785135092828,0.003647929065368768,0.002712485372220722,0.14489795918367346,0.17800453514739228,0.2048819527811125,0.1687598116169545
Russia,24.5,21.0,25.0,70.5,28.700000000000006,30.8,49.6,225.9,0.2976190476190476,0.26666666666666666,0.2666666666666667,0.37254901960784315,3,6,6,0.0041660618377122975,0.005062458908612755,0.00836566031371226,0.0042703213610586,0.2976190476190476,0.26666666666666666,0.2666666666666668,0.37254901960784315
Russian Empire,0.5,2.0,1.5,4.0,0.5,0.0,4.5,2.0,0.5,0.0,0.5,0.5,0,0,0,7.257947452460445e-05,0.0,0.0007589812784617979,3.7807183364839316e-05,0.5,0.0,0.5,0.5
Saint Lucia,1.0,1.0,0.0,2.0,,,,,0.0,0.0,0.0,0.0,1,1,1,,,,,0.0,0.0,0.0,0.0
Samoa,0.0,1.0,0.0,1.0,,,,,0.0,0.0,0.0,0.0,1,1,1,,,,,0.0,0.0,0.0,0.0
San Marino,0.0,1.0,2.0,3.0,,,,,0.0,0.0,0.0,0.0,1,1,1,,,,,0.0,0.0,0.0,0.0
Saudi Arabia,0.0,0.6666666666666666,0.6666666666666666,1.3333333333333333,0.0,0.33333333333333337,0.33333333333333337,0.3333333333333333,0.0,0.4444444444444445,0.4444444444444445,0.4444444444444444,2,3,3,0.0,5.478851632697786e-05,5.622083544161468e-05,6.3011972274732205e-06,0.0,0.4444444444444445,0.4444444444444445,0.4444444444444444
Senegal,0.0,1.0,0.0,1.0,,,,,0.0,0.0,0.0,0.0,0,1,1,,,,,0.0,0.0,0.0,0.0
Serbia,1.8,1.6,2.4,5.8,1.7,1.8,2.3,6.7,0.3466666666666666,0.31999999999999995,0.25999999999999995,0.36,5,5,5,0.0002467702133836551,0.0002958579881656805,0.00038792376454714107,0.00012665406427221174,0.3466666666666667,0.31999999999999995,0.26000000000000006,0.36
Serbia and Montenegro,0.0,2.0,0.0,2.0,,,,,0.0,0.0,0.0,0.0,0,1,1,,,,,0.0,0.0,0.0,0.0
Singapore,0.2,0.4,0.6,1.2,0.2,0.3,0.8000000000000002,0.2,0.32,0.48,0.36,0.31999999999999995,4,4,4,2.9031789809841782e-05,4.9309664694280084e-05,0.00013493000505987525,3.7807183364839316e-06,0.32,0.48,0.36,0.32
Slovakia,1.25,1.75,1.125,4.125,1.0714285714285714,1.0714285714285714,0.9821428571428571,2.6964285714285707,0.27083333333333337,0.27083333333333337,0.22916666666666669,0.23125,5,8,8,0.00015552744540986665,0.00017610594533671464,0.00016565067585475748,5.097218471509586e-05,0.27083333333333337,0.27083333333333337,0.22916666666666666,0.23125
Slovenia,1.1111111111111112,1.1111111111111112,1.2222222222222223,3.4444444444444446,1.1111111111111112,0.6111111111111113,1.1944444444444444,1.5277777777777777,0.271604938271605,0.29629629629629634,0.3045267489711934,0.3539094650205762,5,9,9,0.0001612877211657876,0.00010044561326612608,0.00020145799366578588,2.8880487292585587e-05,0.2716049382716049,0.2962962962962964,0.3045267489711934,0.3539094650205761
South Africa,1.4,1.8,1.55,4.75,1.726315789473684,2.378947368421052,1.8394736842105264,7.671052631578948,0.27,0.19666666666666668,0.2875,0.23888888888888893,5,9,9,0.0002505901857270554,0.00039101699020727365,0.000310250241897542,0.00014501044672171926,0.27,0.19666666666666668,0.2875,0.23888888888888887
South Korea,6.055555555555555,5.555555555555555,6.166666666666667,17.77777777777778,28.408496732026144,22.967320261437905,16.97058823529412,172.18300653594775,0.3547008547008547,0.2781893004115227,0.30864197530864196,0.3695987654320988,5,10,10,0.004123747529688799,0.0037750362033921615,0.0028623019455716156,0.003254877250206951,0.3547008547008547,0.2781893004115226,0.308641975308642,0.3695987654320988
Soviet Union,43.888888888888886,35.44444444444444,32.888888888888886,112.22222222222223,304.1111111111111,174.0277777777778,84.61111111111111,1285.1944444444443,0.22392507449978716,0.20693709582598474,0.2505715592135345,0.20669056152927123,0,1,1,0.04414444928307608,0.028604171232376366,0.014270722062929855,0.02429479101029195,0.22392507449978716,0.2069370958259847,0.2505715592135345,0.2066905615292712
Spain,2.5238095238095237,3.619047619047619,2.761904761904762,8.904761904761905,10.361904761904759,14.047619047619047,7.690476190476192,69.19047619047619,0.18524332810047098,0.2774685631828489,0.26354245401864446,0.36669906057661156,5,10,10,0.001504123205386088,0.0023089446166369245,0.0012970949891172525,0.001307948510216941,0.18524332810047098,0.2774685631828489,0.26354245401864457,0.36669906057661156
Sri Lanka,0.0,1.0,0.0,1.0,,,,,0.0,0.0,0.0,0.0,0,1,1,,,,,0.0,0.0,0.0,0.0
Sudan,0.0,1.0,0.0,1.0,,,,,0.0,0.0,0.0,0.0,1,1,1,,,,,0.0,0.0,0.0,0.0
Suriname,0.5,0.0,0.5,1.0,0.5,0.0,0.5,0.0,0.5,0.0,0.5,0.0,0,2,2,7.257947452460445e-05,0.0,8.4331253162422e-05,0.0,0.5,0.0,0.5,0.0
Sweden,5.428571428571429,6.464285714285714,6.535714285714286,18.428571428571427,33.883597883597886,32.109788359788354,36.10978835978836,269.58730158730174,0.18677905944986686,0.15642857142857144,0.18469387755102043,0.18670280612244902,5,10,10,0.004918507458789067,0.0052777429914182055,0.006090367407621584,0.005096168271971676,0.1867790594498669,0.15642857142857144,0.18469387755102043,0.186702806122449
Switzerland,2.0357142857142856,2.892857142857143,2.8214285714285716,7.75,4.48015873015873,7.21031746031746,6.5965608465608465,37.00925925925926,0.23177842565597667,0.20127551020408166,0.2094387755102041,0.19270833333333331,5,10,10,0.0006503351328434793,0.0011851277876918902,0.001112592485505287,0.000699607925505846,0.23177842565597667,0.2012755102040817,0.2094387755102041,0.19270833333333331
Syria,0.25,0.25,0.5,1.0,0.25000000000000006,0.25000000000000006,0.3333333333333333,0.0,0.375,0.375,0.5,0.0,1,3,3,3.628973726230222e-05,4.10913872452334e-05,5.622083544161468e-05,0.0,0.375,0.375,0.5,0.0
Taiwan,0.0,0.0,1.0,1.0,,,,,0.0,0.0,0.0,0.0,0,0,0,,,,,0.0,0.0,0.0,0.0
Tajikistan,0.25,0.25,1.25,1.75,0.25000000000000006,0.25000000000000006,1.5833333333333333,0.9166666666666666,0.375,0.375,0.2916666666666667,0.375,4,4,4,3.628973726230222e-05,4.10913872452334e-05,0.0002670489683476696,1.7328292375551355e-05,0.375,0.375,0.29166666666666663,0.375
Tanzania,0.0,2.0,0.0,2.0,,,,,0.0,0.0,0.0,0.0,0,0,0,,,,,0.0,0.0,0.0,0.0
Thailand,0.9166666666666666,0.9166666666666666,1.5833333333333333,3.4166666666666665,0.9924242424242425,1.174242424242424,0.9924242424242423,6.265151515151516,0.2546296296296296,0.3055555555555555,0.1875,0.3075396825396826,5,10,10,0.00014405926004126032,0.00019300500069730842,0.0001673847600648073,0.0001184338660709171,0.2546296296296296,0.3055555555555555,0.1875,0.30753968253968256
Togo,0.0,0.0,1.0,1.0,,,,,0.0,0.0,0.0,0.0,1,1,1,,,,,0.0,0.0,0.0,0.0
Tonga,0.0,1.0,0.0,1.0,,,,,0.0,0.0,0.0,0.0,0,1,1,,,,,0.0,0.0,0.0,0.0
Trinidad and Tobago,0.3,0.5,1.1,1.9,0.23333333333333334,0.2777777777777778,0.7666666666666667,0.9888888888888889,0.42000000000000004,0.5,0.36,0.24,3,6,6,3.3870421444815406e-05,4.565709693914822e-05,0.00012930792151571373,1.8693551774837218e-05,0.42000000000000004,0.5,0.36,0.23999999999999994
Tunisia,0.6666666666666666,0.4444444444444444,0.8888888888888888,2.0,0.5,0.2777777777777778,0.8611111111111112,0.7500000000000002,0.2962962962962963,0.4938271604938272,0.19753086419753085,0.3333333333333333,5,6,6,7.257947452460445e-05,4.565709693914821e-05,0.0001452371582241712,1.4177693761814745e-05,0.2962962962962963,0.4938271604938272,0.19753086419753088,0.3333333333333333
Turkey,2.1578947368421053,1.5263157894736843,2.1578947368421053,5.842105263157895,3.584795321637427,1.5964912280701755,4.918128654970761,12.251461988304094,0.1962801741195093,0.2700831024930748,0.17605417051400432,0.23314866112650046,5,10,10,0.0005203651214454098,0.0002624081571449994,0.0008295039053754024,0.00023159663493958586,0.1962801741195093,0.2700831024930748,0.17605417051400432,0.23314866112650046
Turkmenistan,0.0,1.0,0.0,1.0,,,,,0.0,0.0,0.0,0.0,1,1,1,,,,,0.0,0.0,0.0,0.0
Uganda,0.7142857142857143,0.7142857142857143,0.42857142857142855,1.8571428571428572,0.5714285714285715,0.2380952380952381,0.28571428571428575,1.142857142857143,0.30612244897959184,0.4081632653061224,0.4897959183673469,0.24489795918367352,3,4,4,8.294797088526225e-05,3.913465451926991e-05,4.8189287521384e-05,2.1604104779908174e-05,0.30612244897959184,0.4081632653061224,0.4897959183673469,0.24489795918367346
Ukraine,4.75,5.125,9.0,18.875,8.785714285714286,5.267857142857143,10.571428571428571,23.267857142857142,0.3125,0.1796875,0.3125,0.3072916666666667,5,8,8,0.0012753250523609063,0.0008658542312388466,0.0017830036382912075,0.000439846070753443,0.3125,0.17968749999999997,0.3125,0.30729166666666674
Unified Team,45.0,38.0,29.0,112.0,,,,,0.0,0.0,0.0,0.0,0,1,1,,,,,0.0,0.0,0.0,0.0
United Arab Emirates,0.5,0.0,0.5,1.0,0.5,0.0,0.5,0.0,0.5,0.0,0.5,0.0,1,2,2,7.257947452460445e-05,0.0,8.4331253162422e-05,0.0,0.5,0.0,0.5,0.0
United States,38.10344827586207,30.310344827586206,26.896551724137932,95.3103448275862,208.667487684729,201.93596059113295,178.23891625615767,1545.9359605911334,0.12812128418549346,0.13984023044330193,0.11830360681728101,0.12026982096466064,5,10,10,0.030289953213054,0.033191315021553744,0.030062222340387523,0.029223742166183984,0.12812128418549346,0.13984023044330193,0.11830360681728101,0.12026982096466063
United Team of Germany,9.333333333333334,18.0,12.0,39.333333333333336,9.333333333333332,21.0,31.0,149.33333333333331,0.3703703703703703,0.3703703703703704,0.3636363636363636,0.3703703703703704,0,0,0,0.0013548168577926165,0.0034516765285996062,0.005228537696070163,0.002822936357908002,0.3703703703703704,0.3703703703703704,0.3636363636363636,0.3703703703703704
Uruguay,0.25,0.25,0.75,1.25,0.21428571428571427,0.21428571428571427,0.49999999999999994,0.21428571428571427,0.375,0.375,0.28125,0.375,0,1,1,3.1105489081973333e-05,3.522118906734292e-05,8.433125316242202e-05,4.050769646232785e-06,0.375,0.375,0.28125,0.375
Uzbekistan,2.25,1.0,2.875,6.125,7.642857142857143,0.5714285714285714,3.267857142857143,18.982142857142858,0.2578125,0.25,0.1875,0.3125,5,8,8,0.0011094291105903822,9.392317084624777e-05,0.0005511649760258295,0.0003588306778287875,0.2578125,0.25,0.1875,0.3125
Venezuela,0.2727272727272727,0.6363636363636364,0.8181818181818182,1.7272727272727273,0.2181818181818182,1.0545454545454547,0.9636363636363636,1.2181818181818183,0.396694214876033,0.2699724517906336,0.2479338842975207,0.3085399449035812,4,5,5,3.167104342891831e-05,0.00017333094256171178,0.00016252932427666782,2.3028011685856673e-05,0.3966942148760331,0.2699724517906336,0.2479338842975207,0.3085399449035812
Vietnam,0.25,0.75,0.25,1.25,0.25,0.25,0.25000000000000006,0.25,0.375,0.375,0.375,0.375,3,4,4,3.628973726230223e-05,4.10913872452334e-05,4.216562658121101e-05,4.725897920604915e-06,0.375,0.375,0.375,0.375
Virgin Islands,0.0,1.0,0.0,1.0,,,,,0.0,0.0,0.0,0.0,0,1,1,,,,,0.0,0.0,0.0,0.0
West Germany,11.2,13.4,16.2,40.8,19.2,11.299999999999999,21.7,138.7,0.2533333333333333,0.31,0.23384615384615381,0.22060606060606056,0,1,1,0.0027870518217448107,0.001857330703484549,0.0036599763872491144,0.0026219281663516056,0.2533333333333333,0.31,0.23384615384615381,0.2206060606060607
Yugoslavia,1.8571428571428572,2.0714285714285716,2.0,5.928571428571429,3.208791208791209,1.6098901098901097,4.923076923076923,22.379120879120876,0.16618075801749274,0.27040816326530615,0.24489795918367346,0.2130852340936375,0,1,1,0.0004657847595864724,0.0002646104717110634,0.000830338492676155,0.00042304576331041356,0.16618075801749274,0.27040816326530615,0.24489795918367346,0.21308523409363747
Zambia,0.0,0.3333333333333333,0.6666666666666666,1.0,0.0,0.33333333333333337,0.33333333333333337,0.0,0.0,0.4444444444444444,0.4444444444444445,0.0,1,2,2,0.0,5.478851632697786e-05,5.622083544161467e-05,0.0,0.0,0.4444444444444444,0.4444444444444445,0.0
Zimbabwe,1.0,1.3333333333333333,0.3333333333333333,2.6666666666666665,0.0,2.333333333333333,0.33333333333333337,2.3333333333333335,0.0,0.3703703703703704,0.4444444444444444,0.3703703703703704,1,2,2,0.0,0.0003835196142888451,5.622083544161467e-05,4.410838059231254e-05,0.0,0.3703703703703704,0.4444444444444444,0.3703703703703704
