NOC,Year,优秀运动员,普通运动员,良好运动员
AFG,1936,0,16,0
AFG,1948,0,25,0
AFG,1956,0,12,0
AFG,1960,0,16,0
AFG,1964,0,8,0
AFG,1968,0,5,0
AFG,1972,0,8,0
AFG,1980,0,11,0
AFG,1988,0,5,0
AFG,1996,0,2,0
AFG,2004,0,5,0
AFG,2008,0,3,1
AFG,2012,0,5,1
AFG,2016,0,3,0
AFG,2020,0,5,0
AFG,2024,0,7,0
AHO,1952,0,11,0
AHO,1960,0,5,0
AHO,1964,0,4,0
AHO,1968,0,5,0
AHO,1972,0,2,0
AHO,1976,0,4,0
AHO,1984,0,10,3
AHO,1988,0,3,1
AHO,1992,0,4,0
AHO,1996,0,7,0
AHO,2000,0,8,0
AHO,2004,0,3,0
AHO,2008,0,4,0
AIN,2024,1,35,10
ALB,1972,0,5,0
ALB,1992,0,9,0
ALB,1996,0,8,1
ALB,2000,0,5,0
ALB,2004,0,7,0
ALB,2008,0,12,0
ALB,2012,0,9,1
ALB,2016,0,6,0
ALB,2020,0,10,0
ALB,2024,0,7,2
ALG,1964,0,7,0
ALG,1968,0,9,0
ALG,1972,0,7,0
ALG,1980,0,63,0
ALG,1984,0,31,2
ALG,1988,0,43,2
ALG,1992,1,33,2
ALG,1996,1,41,5
ALG,2000,0,45,6
ALG,2004,0,66,5
ALG,2008,0,54,3
ALG,2012,2,36,1
ALG,2016,2,72,0
ALG,2020,0,44,1
ALG,2024,0,47,8
AND,1976,0,3,0
AND,1980,0,2,0
AND,1984,0,2,0
AND,1988,0,4,0
AND,1992,0,8,0
AND,1996,0,8,0
AND,2000,0,5,0
AND,2004,0,6,0
AND,2008,0,5,0
AND,2012,0,6,0
AND,2016,0,4,0
AND,2020,0,3,0
AND,2024,0,4,0
ANG,1980,0,17,0
ANG,1988,0,33,0
ANG,1992,0,32,1
ANG,1996,0,30,0
ANG,2000,0,29,1
ANG,2004,0,30,0
ANG,2008,0,33,0
ANG,2012,0,35,0
ANG,2016,0,25,1
ANG,2020,0,20,0
ANG,2024,0,26,0
ANT,1976,0,17,0
ANT,1984,0,27,0
ANT,1988,0,25,0
ANT,1992,0,18,0
ANT,1996,0,19,0
ANT,2000,0,4,0
ANT,2004,0,5,0
ANT,2008,0,5,0
ANT,2012,0,4,0
ANT,2016,0,9,0
ANT,2020,0,6,0
ANT,2024,0,5,0
ANZ,1908,6,24,18
ANZ,1912,7,20,11
ARG,1900,0,1,0
ARG,1908,0,1,0
ARG,1920,0,1,0
ARG,1924,0,89,20
ARG,1928,0,68,30
ARG,1932,0,41,6
ARG,1936,1,45,22
ARG,1948,0,276,19
ARG,1952,0,162,12
ARG,1956,0,40,4
ARG,1960,0,110,6
ARG,1964,0,139,9
ARG,1968,0,128,4
ARG,1972,0,121,2
ARG,1976,0,105,1
ARG,1984,0,106,9
ARG,1988,1,116,17
ARG,1992,1,104,6
ARG,1996,6,179,36
ARG,2000,8,133,24
ARG,2004,17,117,45
ARG,2008,16,88,41
ARG,2012,8,101,39
ARG,2016,8,189,35
ARG,2020,1,162,45
ARG,2024,0,118,36
ARM,1996,2,33,3
ARM,2000,0,24,2
ARM,2004,1,17,1
ARM,2008,1,17,8
ARM,2012,2,19,10
ARM,2016,1,26,7
ARM,2020,1,14,4
ARM,2024,1,12,4
ARU,1988,0,12,0
ARU,1992,0,5,0
ARU,1996,0,3,0
ARU,2000,0,5,0
ARU,2004,0,4,0
ARU,2008,0,2,0
ARU,2012,0,4,0
ARU,2016,0,7,0
ARU,2020,0,4,0
ARU,2024,0,7,0
ASA,1988,0,6,0
ASA,1992,0,3,0
ASA,1996,0,7,0
ASA,2000,0,4,0
ASA,2004,0,3,0
ASA,2008,0,4,0
ASA,2012,0,4,0
ASA,2016,0,4,0
ASA,2020,0,6,0
ASA,2024,0,2,0
AUS,1896,5,0,0
AUS,1900,6,0,0
AUS,1904,4,2,0
AUS,1906,3,5,2
AUS,1920,3,13,13
AUS,1924,6,42,12
AUS,1928,4,22,3
AUS,1932,5,10,5
AUS,1936,2,32,5
AUS,1948,11,74,18
AUS,1952,15,102,23
AUS,1956,29,309,74
AUS,1960,28,187,65
AUS,1964,19,306,67
AUS,1968,21,127,76
AUS,1972,21,191,54
AUS,1976,12,210,52
AUS,1980,16,146,28
AUS,1984,21,242,74
AUS,1988,25,256,58
AUS,1992,57,254,79
AUS,1996,90,341,119
AUS,2000,120,507,161
AUS,2004,117,328,156
AUS,2008,112,323,135
AUS,2012,82,308,124
AUS,2016,51,333,134
AUS,2020,82,410,146
AUS,2024,59,441,149
AUT,1896,5,0,3
AUT,1900,3,18,5
AUT,1904,7,0,0
AUT,1906,8,84,8
AUT,1908,3,5,5
AUT,1912,1,105,26
AUT,1924,0,50,6
AUT,1928,4,104,5
AUT,1932,10,18,5
AUT,1936,3,302,58
AUT,1948,3,229,7
AUT,1952,1,229,8
AUT,1956,1,49,7
AUT,1960,1,190,7
AUT,1964,0,73,9
AUT,1968,0,51,8
AUT,1972,0,131,12
AUT,1976,1,62,10
AUT,1980,1,85,6
AUT,1984,1,120,9
AUT,1988,1,90,5
AUT,1992,2,106,19
AUT,1996,0,82,10
AUT,2000,2,101,11
AUT,2004,2,77,13
AUT,2008,2,79,12
AUT,2012,0,84,6
AUT,2016,0,79,6
AUT,2020,0,93,10
AUT,2024,0,108,13
AZE,1996,1,19,4
AZE,2000,2,25,5
AZE,2004,2,26,9
AZE,2008,3,35,6
AZE,2012,4,42,13
AZE,2016,6,46,17
AZE,2020,1,47,7
AZE,2024,1,39,9
BAH,1952,1,5,1
BAH,1956,1,3,1
BAH,1960,1,12,1
BAH,1964,1,10,1
BAH,1968,1,21,0
BAH,1972,3,22,0
BAH,1976,2,17,0
BAH,1984,5,26,0
BAH,1988,3,14,1
BAH,1992,3,14,1
BAH,1996,15,17,4
BAH,2000,15,18,6
BAH,2004,8,17,3
BAH,2008,9,19,5
BAH,2012,9,16,4
BAH,2016,5,27,6
BAH,2020,1,17,4
BAH,2024,1,18,2
BAN,1984,0,2,0
BAN,1988,0,11,0
BAN,1992,0,9,0
BAN,1996,0,4,0
BAN,2000,0,6,0
BAN,2004,0,4,0
BAN,2008,0,5,0
BAN,2012,0,7,0
BAN,2016,0,7,0
BAN,2020,0,8,0
BAN,2024,0,5,0
BAR,1968,0,13,0
BAR,1972,0,20,0
BAR,1976,0,17,0
BAR,1984,0,25,0
BAR,1988,0,26,0
BAR,1992,0,22,0
BAR,1996,0,20,2
BAR,2000,0,26,2
BAR,2004,0,14,1
BAR,2008,0,10,0
BAR,2012,0,8,0
BAR,2016,0,13,0
BAR,2020,0,9,0
BAR,2024,0,4,0
BDI,1996,0,6,1
BDI,2000,0,5,1
BDI,2004,0,7,0
BDI,2008,0,3,0
BDI,2012,0,5,1
BDI,2016,0,9,1
BDI,2020,0,5,2
BDI,2024,0,8,0
BEL,1900,12,43,45
BEL,1906,6,7,18
BEL,1908,15,46,38
BEL,1912,16,23,33
BEL,1920,82,258,178
BEL,1924,22,158,54
BEL,1928,7,223,30
BEL,1932,0,66,3
BEL,1936,4,169,32
BEL,1948,2,156,24
BEL,1952,4,163,17
BEL,1956,1,77,4
BEL,1960,0,142,8
BEL,1964,0,67,7
BEL,1968,0,98,8
BEL,1972,0,96,10
BEL,1976,1,131,17
BEL,1980,2,80,2
BEL,1984,1,77,8
BEL,1988,1,78,6
BEL,1992,1,89,13
BEL,1996,0,65,16
BEL,2000,0,78,16
BEL,2004,0,54,16
BEL,2008,1,95,16
BEL,2012,4,116,22
BEL,2016,4,105,29
BEL,2020,6,144,35
BEL,2024,5,213,22
BEN,1972,0,3,0
BEN,1980,0,17,0
BEN,1984,0,3,0
BEN,1988,0,10,0
BEN,1992,0,7,0
BEN,1996,0,7,0
BEN,2000,0,4,0
BEN,2004,0,4,0
BEN,2008,0,5,0
BEN,2012,0,5,0
BEN,2016,0,6,0
BEN,2020,0,7,0
BEN,2024,0,5,0
BER,1936,2,7,0
BER,1948,0,28,0
BER,1952,0,11,1
BER,1956,1,2,0
BER,1960,1,7,1
BER,1964,0,4,0
BER,1968,0,6,0
BER,1972,0,9,0
BER,1976,0,19,1
BER,1984,0,13,0
BER,1988,0,14,0
BER,1992,0,29,0
BER,1996,0,10,0
BER,2000,0,7,0
BER,2004,0,10,0
BER,2008,0,5,1
BER,2012,0,7,1
BER,2016,0,6,2
BER,2020,0,1,1
BER,2024,0,7,1
BHU,1984,0,6,0
BHU,1988,0,6,0
BHU,1992,0,12,0
BHU,1996,0,2,0
BHU,2000,0,2,0
BHU,2004,0,2,0
BHU,2008,0,2,0
BHU,2012,0,2,0
BHU,2016,0,2,0
BHU,2020,0,4,0
BHU,2024,0,3,0
BIH,1992,0,13,0
BIH,1996,0,12,0
BIH,2000,0,11,0
BIH,2004,0,11,0
BIH,2008,0,7,0
BIH,2012,0,8,0
BIH,2016,0,11,0
BIH,2020,0,8,0
BIH,2024,0,6,0
BIZ,1968,0,7,0
BIZ,1972,0,2,0
BIZ,1976,0,4,0
BIZ,1984,0,13,0
BIZ,1988,0,11,2
BIZ,1992,0,16,2
BIZ,1996,0,5,0
BIZ,2000,0,2,0
BIZ,2004,0,2,0
BIZ,2008,0,4,0
BIZ,2012,0,3,0
BIZ,2016,0,3,0
BIZ,2020,0,4,0
BIZ,2024,0,1,0
BLR,1996,23,205,31
BLR,2000,6,188,37
BLR,2004,12,146,34
BLR,2008,17,186,34
BLR,2012,12,145,28
BLR,2016,3,123,16
BLR,2020,1,120,16
BOH,1900,0,6,3
BOH,1906,0,24,5
BOH,1908,0,22,19
BOH,1912,0,67,7
BOL,1936,0,2,0
BOL,1964,0,1,0
BOL,1968,0,4,0
BOL,1972,0,14,0
BOL,1976,0,5,0
BOL,1984,0,12,1
BOL,1988,0,12,0
BOL,1992,0,21,0
BOL,1996,0,9,0
BOL,2000,0,5,0
BOL,2004,0,11,0
BOL,2008,0,7,0
BOL,2012,0,5,0
BOL,2016,0,12,0
BOL,2020,0,5,0
BOL,2024,0,4,0
BOT,1980,0,8,0
BOT,1984,0,8,0
BOT,1988,0,11,0
BOT,1992,0,6,0
BOT,1996,0,7,0
BOT,2000,0,9,0
BOT,2004,0,12,0
BOT,2008,0,11,0
BOT,2012,0,2,2
BOT,2016,0,10,4
BOT,2020,0,8,8
BOT,2024,3,8,8
BRA,1900,0,3,0
BRA,1920,4,22,12
BRA,1924,0,17,1
BRA,1932,0,66,1
BRA,1936,0,94,0
BRA,1948,1,93,11
BRA,1952,1,110,8
BRA,1956,1,55,7
BRA,1960,1,70,15
BRA,1964,0,52,13
BRA,1968,0,75,14
BRA,1972,0,92,12
BRA,1976,0,77,12
BRA,1980,1,111,37
BRA,1984,5,134,58
BRA,1988,8,182,43
BRA,1992,15,185,33
BRA,1996,16,157,78
BRA,2000,20,140,76
BRA,2004,24,235,59
BRA,2008,28,228,82
BRA,2012,31,206,69
BRA,2016,30,462,91
BRA,2020,17,316,83
BRA,2024,19,281,101
BRN,1984,0,14,0
BRN,1988,0,16,0
BRN,1992,0,15,0
BRN,1996,0,5,0
BRN,2000,0,4,0
BRN,2004,0,10,0
BRN,2008,0,14,1
BRN,2012,0,13,1
BRN,2016,0,31,2
BRN,2020,0,32,1
BRN,2024,0,11,4
BRU,1996,0,1,0
BRU,2000,0,2,0
BRU,2004,0,1,0
BRU,2012,0,3,0
BRU,2016,0,3,0
BRU,2020,0,2,0
BRU,2024,0,3,0
BUL,1924,0,30,1
BUL,1928,0,10,0
BUL,1932,0,2,0
BUL,1936,0,83,2
BUL,1952,1,171,7
BUL,1956,1,53,28
BUL,1960,3,155,25
BUL,1964,5,92,19
BUL,1968,5,155,29
BUL,1972,7,185,34
BUL,1976,15,171,68
BUL,1980,16,282,99
BUL,1988,11,202,68
BUL,1992,24,176,36
BUL,1996,28,113,40
BUL,2000,18,108,24
BUL,2004,9,86,24
BUL,2008,10,68,9
BUL,2012,3,63,9
BUL,2016,0,48,10
BUL,2020,0,42,14
BUL,2024,0,50,11
BUR,1972,0,1,0
BUR,1988,0,9,0
BUR,1992,0,4,0
BUR,1996,0,5,0
BUR,2000,0,4,0
BUR,2004,0,5,0
BUR,2008,0,6,0
BUR,2012,0,5,0
BUR,2016,0,5,0
BUR,2020,0,7,1
BUR,2024,0,7,1
CAF,1968,0,1,0
CAF,1984,0,3,0
CAF,1988,0,15,0
CAF,1992,0,21,0
CAF,1996,0,5,0
CAF,2000,0,3,0
CAF,2004,0,4,0
CAF,2008,0,3,0
CAF,2012,0,6,0
CAF,2016,0,6,0
CAF,2020,0,2,0
CAF,2024,0,4,0
CAM,1956,0,2,0
CAM,1964,0,15,0
CAM,1972,0,17,0
CAM,1996,0,5,0
CAM,2000,0,4,0
CAM,2004,0,4,0
CAM,2008,0,4,0
CAM,2012,0,6,0
CAM,2016,0,6,0
CAM,2020,0,3,0
CAM,2024,0,3,0
CAN,1900,3,4,0
CAN,1904,4,10,47
CAN,1906,0,0,4
CAN,1908,9,55,84
CAN,1912,2,40,18
CAN,1920,5,56,24
CAN,1924,7,51,25
CAN,1928,23,50,40
CAN,1932,12,90,89
CAN,1936,5,123,39
CAN,1948,0,169,19
CAN,1952,0,141,13
CAN,1956,5,120,25
CAN,1960,5,117,18
CAN,1964,0,172,22
CAN,1968,7,249,35
CAN,1972,9,283,52
CAN,1976,8,454,69
CAN,1984,32,431,109
CAN,1988,28,386,89
CAN,1992,30,353,62
CAN,1996,14,324,70
CAN,2000,10,347,65
CAN,2004,16,319,56
CAN,2008,19,354,76
CAN,2012,20,248,86
CAN,2016,36,275,94
CAN,2020,46,358,105
CAN,2024,36,417,85
CAY,1976,0,2,0
CAY,1984,0,14,0
CAY,1988,4,8,0
CAY,1992,1,12,0
CAY,1996,0,9,0
CAY,2000,0,4,0
CAY,2004,0,8,0
CAY,2008,0,6,0
CAY,2012,0,7,0
CAY,2016,0,5,0
CAY,2020,0,9,0
CAY,2024,0,5,0
CGO,1964,0,2,0
CGO,1972,0,8,0
CGO,1980,0,25,0
CGO,1984,0,13,0
CGO,1988,0,10,0
CGO,1992,0,10,0
CGO,1996,0,5,0
CGO,2000,0,5,0
CGO,2004,0,5,0
CGO,2008,0,5,0
CGO,2012,0,7,0
CGO,2016,0,10,0
CGO,2020,0,3,0
CGO,2024,0,4,0
CHA,1964,0,2,0
CHA,1968,0,4,0
CHA,1972,0,5,0
CHA,1984,0,3,0
CHA,1988,0,6,0
CHA,1992,0,7,0
CHA,1996,0,4,0
CHA,2000,0,3,0
CHA,2004,0,1,0
CHA,2008,0,2,0
CHA,2012,0,2,0
CHA,2016,0,2,0
CHA,2020,0,3,0
CHA,2024,0,3,0
CHI,1912,0,28,0
CHI,1920,0,2,0
CHI,1924,0,17,1
CHI,1928,0,44,2
CHI,1936,1,55,0
CHI,1948,0,72,0
CHI,1952,0,76,6
CHI,1956,0,37,6
CHI,1960,0,7,2
CHI,1964,0,15,1
CHI,1968,1,24,0
CHI,1972,0,13,0
CHI,1976,0,9,0
CHI,1984,0,63,1
CHI,1988,0,22,1
CHI,1992,0,14,1
CHI,1996,1,22,1
CHI,2000,3,38,17
CHI,2004,4,25,0
CHI,2008,4,25,0
CHI,2012,0,44,0
CHI,2016,0,47,0
CHI,2020,0,61,2
CHI,2024,0,50,2
CHN,1932,0,2,0
CHN,1936,0,65,0
CHN,1948,0,33,0
CHN,1952,0,1,0
CHN,1984,35,179,109
CHN,1988,45,291,91
CHN,1992,59,222,113
CHN,1996,55,221,162
CHN,2000,74,212,128
CHN,2004,111,274,133
CHN,2008,140,419,171
CHN,2012,105,244,130
CHN,2016,69,300,130
CHN,2020,97,341,136
CHN,2024,122,307,158
CIV,1964,0,10,0
CIV,1968,0,11,0
CIV,1972,0,13,0
CIV,1976,0,11,0
CIV,1984,0,16,2
CIV,1988,0,27,2
CIV,1992,0,18,0
CIV,1996,0,13,0
CIV,2000,0,18,0
CIV,2004,0,5,0
CIV,2008,0,22,0
CIV,2012,0,9,1
CIV,2016,0,13,2
CIV,2020,0,30,2
CIV,2024,0,16,2
CMR,1964,0,2,0
CMR,1968,0,4,1
CMR,1972,0,18,0
CMR,1976,0,4,0
CMR,1980,0,29,0
CMR,1984,0,55,1
CMR,1988,0,20,1
CMR,1992,0,12,0
CMR,1996,0,19,0
CMR,2000,2,19,18
CMR,2004,1,17,1
CMR,2008,1,31,0
CMR,2012,0,32,0
CMR,2016,0,22,0
CMR,2020,0,12,0
CMR,2024,0,6,0
COD,1968,0,8,0
COD,1984,0,9,0
COD,1988,0,21,0
COD,1992,0,19,0
COD,1996,0,14,0
COD,2000,0,3,0
COD,2004,0,6,0
COD,2008,0,5,0
COD,2012,0,4,0
COD,2016,0,4,0
COD,2020,0,7,0
COD,2024,0,6,0
COK,1988,0,8,0
COK,1992,0,2,0
COK,1996,0,3,0
COK,2000,0,2,0
COK,2004,0,3,0
COK,2008,1,3,0
COK,2012,0,9,0
COK,2016,0,9,0
COK,2020,0,9,0
COK,2024,0,2,0
COL,1900,0,0,1
COL,1932,0,2,0
COL,1936,0,5,1
COL,1948,2,9,0
COL,1956,0,44,3
COL,1960,0,23,0
COL,1964,0,40,0
COL,1968,0,70,0
COL,1972,0,71,4
COL,1976,0,43,1
COL,1980,0,27,1
COL,1984,0,47,1
COL,1988,0,51,6
COL,1992,0,59,2
COL,1996,1,59,2
COL,2000,0,50,4
COL,2004,3,64,4
COL,2008,2,82,6
COL,2012,3,110,7
COL,2016,3,144,10
COL,2020,0,70,7
COL,2024,0,94,11
COM,1996,0,4,0
COM,2000,0,2,0
COM,2004,0,3,0
COM,2008,0,3,0
COM,2012,0,3,0
COM,2016,0,4,0
COM,2020,0,3,0
COM,2024,0,5,0
CPV,1996,0,3,0
CPV,2000,0,2,0
CPV,2004,0,3,0
CPV,2008,0,2,0
CPV,2012,0,3,0
CPV,2016,0,5,0
CPV,2020,0,6,0
CPV,2024,0,6,1
CRC,1936,0,1,0
CRC,1964,0,2,0
CRC,1968,0,23,4
CRC,1972,0,4,0
CRC,1976,0,10,0
CRC,1980,0,37,0
CRC,1984,0,32,0
CRC,1988,0,28,5
CRC,1992,0,18,2
CRC,1996,2,11,0
CRC,2000,2,7,0
CRC,2004,2,19,0
CRC,2008,0,8,0
CRC,2012,0,11,0
CRC,2016,0,12,0
CRC,2020,0,18,0
CRC,2024,0,6,0
CRO,1992,1,28,17
CRO,1996,11,75,31
CRO,2000,4,80,24
CRO,2004,11,62,27
CRO,2008,10,86,29
CRO,2012,15,73,30
CRO,2016,9,57,27
CRO,2020,3,49,22
CRO,2024,3,54,28
CRT,1906,0,11,0
CUB,1900,2,0,0
CUB,1904,5,1,0
CUB,1924,2,11,0
CUB,1928,0,1,0
CUB,1932,0,3,0
CUB,1948,1,109,2
CUB,1952,1,54,2
CUB,1956,0,23,1
CUB,1960,1,18,2
CUB,1964,0,71,5
CUB,1968,0,197,30
CUB,1972,2,160,39
CUB,1976,6,142,46
CUB,1980,5,241,42
CUB,1992,28,116,52
CUB,1996,38,93,47
CUB,2000,33,177,61
CUB,2004,25,97,55
CUB,2008,20,100,51
CUB,2012,4,91,23
CUB,2016,5,119,19
CUB,2020,3,59,20
CUB,2024,3,56,10
CYP,1980,0,15,0
CYP,1984,0,12,0
CYP,1988,0,11,0
CYP,1992,0,19,0
CYP,1996,0,24,0
CYP,2000,0,24,0
CYP,2004,0,21,0
CYP,2008,0,17,1
CYP,2012,0,12,1
CYP,2016,0,20,1
CYP,2020,0,22,1
CYP,2024,0,22,1
CZE,1996,7,146,16
CZE,2000,5,141,16
CZE,2004,10,138,23
CZE,2008,7,127,24
CZE,2012,8,122,29
CZE,2016,5,101,29
CZE,2020,3,130,18
CZE,2024,4,121,24
DEN,1896,13,0,2
DEN,1900,15,13,8
DEN,1906,9,33,26
DEN,1908,12,56,39
DEN,1912,29,116,88
DEN,1920,38,133,75
DEN,1924,16,114,28
DEN,1928,8,90,24
DEN,1932,12,64,18
DEN,1936,3,144,26
DEN,1948,13,185,55
DEN,1952,8,162,31
DEN,1956,5,39,7
DEN,1960,6,78,25
DEN,1964,8,46,17
DEN,1968,21,54,18
DEN,1972,10,138,7
DEN,1976,7,65,9
DEN,1980,4,45,11
DEN,1984,3,54,17
DEN,1988,4,104,22
DEN,1992,3,112,29
DEN,1996,8,110,27
DEN,2000,17,83,24
DEN,2004,11,71,33
DEN,2008,6,63,39
DEN,2012,15,81,53
DEN,2016,15,74,54
DEN,2020,19,96,23
DEN,2024,13,110,38
DJI,1984,0,2,1
DJI,1988,0,4,2
DJI,1992,0,7,1
DJI,1996,0,4,1
DJI,2000,0,2,0
DJI,2008,0,2,0
DJI,2012,0,4,0
DJI,2016,0,8,0
DJI,2020,0,5,0
DJI,2024,0,7,0
DMA,1996,0,6,0
DMA,2000,0,4,0
DMA,2004,0,2,0
DMA,2008,0,2,0
DMA,2012,0,2,0
DMA,2016,0,1,1
DMA,2020,0,1,1
DMA,2024,0,3,1
DOM,1964,0,1,0
DOM,1968,0,24,0
DOM,1972,0,5,0
DOM,1976,0,11,0
DOM,1980,0,7,0
DOM,1984,0,23,1
DOM,1988,0,18,0
DOM,1992,0,31,1
DOM,1996,0,16,0
DOM,2000,1,12,0
DOM,2004,1,29,3
DOM,2008,1,22,4
DOM,2012,2,30,4
DOM,2016,0,27,3
DOM,2020,2,37,30
DOM,2024,1,57,6
ECU,1924,0,4,0
ECU,1968,0,41,0
ECU,1972,0,4,0
ECU,1976,0,8,0
ECU,1980,0,15,1
ECU,1984,0,15,0
ECU,1988,0,14,1
ECU,1992,2,13,0
ECU,1996,1,27,0
ECU,2000,1,10,0
ECU,2004,2,16,0
ECU,2008,1,25,0
ECU,2012,0,36,0
ECU,2016,0,40,0
ECU,2020,2,45,5
ECU,2024,3,40,4
EGY,1906,0,5,0
EGY,1920,0,21,1
EGY,1924,0,26,4
EGY,1928,0,39,4
EGY,1936,1,60,5
EGY,1948,1,159,6
EGY,1952,0,193,3
EGY,1956,0,6,0
EGY,1964,0,83,0
EGY,1968,0,35,0
EGY,1972,0,26,0
EGY,1976,0,26,0
EGY,1984,0,146,2
EGY,1988,0,58,1
EGY,1992,0,83,0
EGY,1996,0,33,0
EGY,2000,0,103,0
EGY,2004,1,97,6
EGY,2008,1,114,1
EGY,2012,1,126,5
EGY,2016,0,132,5
EGY,2020,1,186,8
EGY,2024,1,199,7
EOR,2020,0,35,0
EOR,2024,0,42,2
ERI,2000,0,3,0
ERI,2004,0,3,2
ERI,2008,0,10,1
ERI,2012,0,11,1
ERI,2016,0,11,1
ERI,2020,0,14,0
ERI,2024,0,12,0
ESA,1932,0,4,0
ESA,1968,1,99,4
ESA,1972,0,18,0
ESA,1984,0,15,0
ESA,1988,0,7,0
ESA,1992,0,6,0
ESA,1996,0,10,0
ESA,2000,0,10,0
ESA,2004,0,8,1
ESA,2008,0,14,0
ESA,2012,0,11,0
ESA,2016,0,10,0
ESA,2020,0,7,0
ESA,2024,0,9,0
ESP,1900,0,10,2
ESP,1920,0,88,23
ESP,1924,2,138,11
ESP,1928,2,97,7
ESP,1932,0,6,2
ESP,1948,2,77,5
ESP,1952,0,37,5
ESP,1956,0,12,0
ESP,1960,0,212,26
ESP,1964,0,55,12
ESP,1968,1,128,8
ESP,1972,2,147,13
ESP,1976,9,122,29
ESP,1980,12,146,53
ESP,1984,6,201,50
ESP,1988,9,252,56
ESP,1992,23,403,111
ESP,1996,22,262,100
ESP,2000,25,308,98
ESP,2004,30,303,90
ESP,2008,37,231,87
ESP,2012,21,236,82
ESP,2016,18,282,63
ESP,2020,12,333,84
ESP,2024,13,415,98
EST,1920,1,11,8
EST,1924,2,34,11
EST,1928,1,11,11
EST,1932,0,1,2
EST,1936,3,29,4
EST,1992,1,39,6
EST,1996,3,42,7
EST,2000,0,34,7
EST,2004,1,37,7
EST,2008,1,46,6
EST,2012,1,29,6
EST,2016,1,39,9
EST,2020,2,33,7
EST,2024,0,24,2
ETH,1956,3,27,0
ETH,1960,1,14,0
ETH,1964,3,16,0
ETH,1968,4,22,0
ETH,1972,2,38,0
ETH,1980,2,43,3
ETH,1992,1,19,4
ETH,1996,3,13,3
ETH,2000,4,17,6
ETH,2004,6,19,2
ETH,2008,7,17,5
ETH,2012,4,23,7
ETH,2016,3,28,7
ETH,2020,0,33,5
ETH,2024,0,26,9
EUN,1992,186,255,209
FIJ,1956,0,5,0
FIJ,1960,0,3,0
FIJ,1968,0,1,0
FIJ,1972,0,4,0
FIJ,1976,0,5,0
FIJ,1984,0,25,1
FIJ,1988,0,40,1
FIJ,1992,0,35,1
FIJ,1996,0,19,2
FIJ,2000,0,8,1
FIJ,2004,0,9,0
FIJ,2008,0,6,0
FIJ,2012,0,9,0
FIJ,2016,0,35,18
FIJ,2020,2,6,24
FIJ,2024,2,14,20
FIN,1906,7,11,0
FIN,1908,10,52,32
FIN,1912,25,119,89
FIN,1920,49,24,63
FIN,1924,51,161,41
FIN,1928,23,73,36
FIN,1932,23,11,32
FIN,1936,33,92,61
FIN,1948,58,123,34
FIN,1952,43,295,74
FIN,1956,8,63,76
FIN,1960,2,175,42
FIN,1964,1,104,46
FIN,1968,1,100,25
FIN,1972,2,111,20
FIN,1976,4,93,11
FIN,1980,4,106,15
FIN,1984,2,90,15
FIN,1988,4,79,18
FIN,1992,4,103,23
FIN,1996,3,82,20
FIN,2000,0,76,12
FIN,2004,0,58,9
FIN,2008,0,58,12
FIN,2012,1,60,8
FIN,2016,0,60,7
FIN,2020,0,46,3
FIN,2024,0,61,1
FRA,1896,7,7,12
FRA,1900,76,654,341
FRA,1904,0,0,2
FRA,1906,73,29,72
FRA,1908,41,220,58
FRA,1912,27,139,66
FRA,1920,86,218,148
FRA,1924,60,413,163
FRA,1928,32,335,55
FRA,1932,29,90,40
FRA,1936,31,235,37
FRA,1948,25,325,83
FRA,1952,23,326,59
FRA,1956,23,161,43
FRA,1960,13,308,42
FRA,1964,14,155,45
FRA,1968,16,247,48
FRA,1972,13,286,57
FRA,1976,19,249,34
FRA,1980,21,137,42
FRA,1984,30,235,89
FRA,1988,23,328,62
FRA,1992,26,356,104
FRA,1996,30,337,86
FRA,2000,43,316,111
FRA,2004,43,306,112
FRA,2008,52,281,115
FRA,2012,57,254,115
FRA,2016,42,334,136
FRA,2020,64,316,158
FRA,2024,68,519,214
FRG,1968,31,304,97
FRG,1972,38,390,159
FRG,1976,36,290,126
FRG,1984,51,328,192
FRG,1988,70,309,137
FSM,2000,0,5,0
FSM,2004,0,5,0
FSM,2008,0,5,0
FSM,2012,0,6,0
FSM,2016,0,5,0
FSM,2020,0,3,0
FSM,2024,0,3,0
GAB,1972,0,1,0
GAB,1984,0,4,0
GAB,1988,0,2,0
GAB,1992,0,5,0
GAB,1996,0,9,0
GAB,2000,0,6,0
GAB,2004,0,5,0
GAB,2008,0,4,0
GAB,2012,0,20,1
GAB,2016,0,5,1
GAB,2020,0,5,0
GAB,2024,0,5,0
GAM,1984,0,16,0
GAM,1988,0,6,0
GAM,1992,0,8,0
GAM,1996,0,12,0
GAM,2000,0,2,0
GAM,2004,0,3,0
GAM,2008,0,3,0
GAM,2012,0,2,0
GAM,2016,0,4,0
GAM,2020,0,5,0
GAM,2024,0,8,0
GBR,1896,11,3,11
GBR,1900,47,15,84
GBR,1904,0,4,2
GBR,1906,45,24,44
GBR,1908,126,453,393
GBR,1912,67,166,228
GBR,1920,54,142,149
GBR,1924,38,294,96
GBR,1928,22,257,75
GBR,1932,20,105,45
GBR,1936,9,184,57
GBR,1948,7,473,110
GBR,1952,8,329,64
GBR,1956,7,186,90
GBR,1960,13,311,65
GBR,1964,12,221,68
GBR,1968,16,259,53
GBR,1972,19,350,64
GBR,1976,14,261,78
GBR,1980,12,225,91
GBR,1984,32,373,104
GBR,1988,38,341,93
GBR,1992,35,382,95
GBR,1996,29,287,75
GBR,2000,39,291,85
GBR,2004,50,237,73
GBR,2008,69,258,93
GBR,2012,101,458,125
GBR,2016,101,242,135
GBR,2020,90,281,177
GBR,2024,74,252,207
GBS,1996,0,3,0
GBS,2000,0,3,0
GBS,2004,0,3,0
GBS,2008,0,3,0
GBS,2012,0,4,0
GBS,2016,0,5,0
GBS,2020,0,4,0
GBS,2024,0,6,0
GDR,1968,48,178,120
GDR,1972,68,174,212
GDR,1976,115,87,205
GDR,1980,124,126,245
GDR,1988,114,112,176
GEO,1996,2,35,5
GEO,2000,3,35,9
GEO,2004,3,27,9
GEO,2008,2,29,7
GEO,2012,4,23,9
GEO,2016,6,34,5
GEO,2020,4,27,5
GEO,2024,6,23,9
GEQ,1984,0,5,0
GEQ,1988,0,7,0
GEQ,1992,0,8,0
GEQ,1996,0,8,0
GEQ,2000,0,4,0
GEQ,2004,0,2,0
GEQ,2008,0,3,0
GEQ,2012,0,2,0
GEQ,2016,0,1,0
GEQ,2020,0,3,0
GEQ,2024,0,3,0
GER,1896,70,13,11
GER,1900,17,39,47
GER,1904,16,34,5
GER,1906,18,50,89
GER,1908,5,87,56
GER,1912,12,212,88
GER,1928,22,276,101
GER,1932,20,128,54
GER,1936,54,269,258
GER,1952,15,275,75
GER,1956,11,159,91
GER,1960,29,233,163
GER,1964,52,249,177
GER,1992,156,311,186
GER,1996,125,329,172
GER,2000,105,289,173
GER,2004,93,313,186
GER,2008,93,334,131
GER,2012,93,324,93
GER,2016,78,295,163
GER,2020,46,398,153
GER,2024,27,447,173
GHA,1952,0,9,0
GHA,1960,0,13,2
GHA,1964,0,39,1
GHA,1968,0,35,1
GHA,1972,0,40,1
GHA,1984,0,27,0
GHA,1988,0,21,0
GHA,1992,0,21,20
GHA,1996,0,38,2
GHA,2000,0,28,0
GHA,2004,0,29,0
GHA,2008,0,9,0
GHA,2012,0,7,0
GHA,2016,0,15,0
GHA,2020,0,15,1
GHA,2024,0,11,0
GRE,1896,10,72,66
GRE,1900,0,1,3
GRE,1904,3,12,2
GRE,1906,19,298,167
GRE,1908,10,25,14
GRE,1912,2,49,26
GRE,1920,0,61,37
GRE,1924,2,64,13
GRE,1928,0,47,0
GRE,1932,0,16,0
GRE,1936,0,64,0
GRE,1948,0,97,0
GRE,1952,0,53,1
GRE,1956,0,15,1
GRE,1960,0,55,4
GRE,1964,0,16,3
GRE,1968,0,41,3
GRE,1972,0,62,4
GRE,1976,0,35,5
GRE,1980,0,38,7
GRE,1984,0,68,5
GRE,1988,0,67,5
GRE,1992,2,69,5
GRE,1996,3,157,20
GRE,2000,7,137,31
GRE,2004,7,456,36
GRE,2008,3,153,20
GRE,2012,1,107,7
GRE,2016,6,88,10
GRE,2020,4,74,22
GRE,2024,5,102,19
GRN,1984,0,6,0
GRN,1988,0,7,0
GRN,1992,0,5,0
GRN,1996,0,5,0
GRN,2000,0,3,0
GRN,2004,0,5,0
GRN,2008,0,9,0
GRN,2012,1,7,0
GRN,2016,1,4,1
GRN,2020,1,3,2
GRN,2024,1,3,2
GUA,1932,0,1,0
GUA,1952,0,33,2
GUA,1968,0,64,3
GUA,1972,1,8,2
GUA,1976,0,28,0
GUA,1980,0,10,0
GUA,1984,0,49,4
GUA,1988,0,36,1
GUA,1992,0,40,1
GUA,1996,0,25,3
GUA,2000,1,15,2
GUA,2004,0,19,0
GUA,2008,0,13,0
GUA,2012,0,20,4
GUA,2016,0,24,1
GUA,2020,0,22,2
GUA,2024,0,14,2
GUI,1968,0,15,0
GUI,1980,0,10,0
GUI,1984,0,1,0
GUI,1988,0,7,0
GUI,1992,0,11,0
GUI,1996,0,5,0
GUI,2000,0,6,0
GUI,2004,0,4,0
GUI,2008,0,5,0
GUI,2012,0,4,0
GUI,2016,0,5,0
GUI,2020,0,5,0
GUI,2024,0,25,0
GUM,1988,0,25,1
GUM,1992,0,45,0
GUM,1996,1,8,0
GUM,2000,0,7,0
GUM,2004,0,4,0
GUM,2008,0,6,1
GUM,2012,0,7,1
GUM,2016,0,5,0
GUM,2020,0,5,0
GUM,2024,0,9,0
GUY,1948,0,7,0
GUY,1952,0,1,0
GUY,1956,0,6,0
GUY,1960,0,6,0
GUY,1964,0,1,0
GUY,1968,0,6,0
GUY,1972,0,4,0
GUY,1980,0,9,1
GUY,1984,0,12,0
GUY,1988,0,8,0
GUY,1992,0,7,0
GUY,1996,0,8,1
GUY,2000,0,4,0
GUY,2004,0,4,0
GUY,2008,0,4,0
GUY,2012,0,6,0
GUY,2016,0,7,0
GUY,2020,0,7,0
GUY,2024,0,5,0
HAI,1900,0,3,1
HAI,1924,0,5,11
HAI,1928,0,2,1
HAI,1932,0,2,1
HAI,1960,0,1,0
HAI,1972,0,7,0
HAI,1976,0,14,0
HAI,1984,0,3,0
HAI,1988,0,5,0
HAI,1992,0,8,0
HAI,1996,0,7,0
HAI,2000,0,5,0
HAI,2004,0,8,0
HAI,2008,0,7,0
HAI,2012,0,5,0
HAI,2016,0,10,0
HAI,2020,0,6,0
HAI,2024,0,12,0
HKG,1952,0,9,0
HKG,1956,0,4,0
HKG,1960,0,4,0
HKG,1964,0,48,2
HKG,1968,0,25,0
HKG,1972,0,17,1
HKG,1976,0,50,0
HKG,1984,0,87,0
HKG,1988,0,91,0
HKG,1992,0,65,1
HKG,1996,0,31,1
HKG,2000,0,45,1
HKG,2004,0,37,5
HKG,2008,0,43,4
HKG,2012,0,53,2
HKG,2016,0,45,2
HKG,2020,6,48,11
HKG,2024,4,42,5
HON,1968,0,6,0
HON,1976,0,3,0
HON,1984,0,26,0
HON,1988,0,18,0
HON,1992,0,27,0
HON,1996,1,6,0
HON,2000,0,20,0
HON,2004,0,5,0
HON,2008,0,25,1
HON,2012,0,25,0
HON,2016,0,23,0
HON,2020,0,28,0
HON,2024,0,4,0
HUN,1896,2,8,8
HUN,1900,3,29,2
HUN,1904,4,3,2
HUN,1906,8,63,28
HUN,1908,14,51,42
HUN,1912,20,142,45
HUN,1924,22,103,15
HUN,1928,61,128,30
HUN,1932,31,47,40
HUN,1936,29,248,58
HUN,1948,51,75,96
HUN,1952,118,136,91
HUN,1956,78,67,52
HUN,1960,53,195,64
HUN,1964,41,217,61
HUN,1968,47,169,87
HUN,1972,46,197,124
HUN,1976,40,154,94
HUN,1980,30,238,124
HUN,1988,31,221,63
HUN,1992,53,251,47
HUN,1996,49,214,52
HUN,2000,37,149,52
HUN,2004,42,180,36
HUN,2008,36,153,27
HUN,2012,32,137,32
HUN,2016,21,154,29
HUN,2020,19,169,49
HUN,2024,14,192,49
INA,1952,0,3,0
INA,1956,0,24,0
INA,1960,0,27,0
INA,1968,0,6,0
INA,1972,0,7,0
INA,1976,0,11,0
INA,1984,0,23,0
INA,1988,0,37,6
INA,1992,1,41,9
INA,1996,1,32,12
INA,2000,0,41,13
INA,2004,0,32,7
INA,2008,3,14,9
INA,2012,2,16,4
INA,2016,2,24,5
INA,2020,0,27,8
INA,2024,1,30,5
IND,1900,0,0,5
IND,1920,0,7,0
IND,1924,0,24,0
IND,1928,5,10,9
IND,1932,7,10,9
IND,1936,5,11,14
IND,1948,10,67,12
IND,1952,10,78,6
IND,1956,11,61,7
IND,1960,9,36,4
IND,1964,11,94,6
IND,1968,5,11,11
IND,1972,1,29,13
IND,1976,0,18,8
IND,1980,0,61,17
IND,1984,1,44,8
IND,1988,0,51,4
IND,1992,0,58,3
IND,1996,0,52,2
IND,2000,0,66,4
IND,2004,0,73,8
IND,2008,0,57,10
IND,2012,0,80,15
IND,2016,0,118,12
IND,2020,1,124,26
IND,2024,1,112,25
IOA,1992,3,63,10
IOA,2000,0,4,0
IOA,2012,0,3,1
IOA,2016,1,7,1
IRI,1900,0,1,0
IRI,1948,0,37,2
IRI,1952,1,15,7
IRI,1956,1,11,5
IRI,1960,1,18,5
IRI,1964,2,88,6
IRI,1968,1,9,4
IRI,1972,1,50,5
IRI,1976,1,102,1
IRI,1988,0,24,2
IRI,1992,1,41,2
IRI,1996,1,15,2
IRI,2000,2,27,5
IRI,2004,2,30,5
IRI,2008,2,50,3
IRI,2012,2,41,14
IRI,2016,3,54,10
IRI,2020,2,67,7
IRI,2024,2,33,11
IRL,1924,0,51,9
IRL,1928,1,42,1
IRL,1932,1,14,3
IRL,1948,0,79,4
IRL,1952,0,24,1
IRL,1956,0,18,7
IRL,1960,0,58,5
IRL,1964,0,30,5
IRL,1968,0,46,11
IRL,1972,0,82,2
IRL,1976,0,55,4
IRL,1980,0,51,6
IRL,1984,0,53,2
IRL,1988,4,68,6
IRL,1992,3,64,10
IRL,1996,4,91,4
IRL,2000,0,72,4
IRL,2004,0,51,4
IRL,2008,0,58,5
IRL,2012,0,68,8
IRL,2016,2,86,5
IRL,2020,2,135,13
IRL,2024,1,166,18
IRQ,1948,0,13,0
IRQ,1960,0,27,1
IRQ,1964,0,19,0
IRQ,1968,0,4,0
IRQ,1980,0,44,0
IRQ,1984,0,25,0
IRQ,1988,0,28,0
IRQ,1992,0,8,0
IRQ,1996,0,3,0
IRQ,2000,0,3,1
IRQ,2004,0,24,0
IRQ,2008,0,4,0
IRQ,2012,0,8,0
IRQ,2016,0,20,0
IRQ,2020,0,3,0
IRQ,2024,0,23,0
ISL,1908,0,1,0
ISL,1912,0,2,0
ISL,1936,0,13,0
ISL,1948,0,26,1
ISL,1952,0,18,0
ISL,1956,0,1,1
ISL,1960,0,9,2
ISL,1964,0,5,0
ISL,1968,0,16,0
ISL,1972,0,30,0
ISL,1976,0,22,0
ISL,1980,0,11,1
ISL,1984,0,34,1
ISL,1988,0,41,1
ISL,1992,0,30,1
ISL,1996,0,15,0
ISL,2000,0,28,1
ISL,2004,0,28,6
ISL,2008,0,17,14
ISL,2012,0,25,11
ISL,2016,0,14,0
ISL,2020,0,5,0
ISL,2024,0,7,0
ISR,1952,0,31,0
ISR,1956,0,3,0
ISR,1960,0,46,0
ISR,1964,0,13,0
ISR,1968,0,39,0
ISR,1972,0,17,0
ISR,1976,0,34,0
ISR,1984,0,65,0
ISR,1988,0,29,0
ISR,1992,0,42,2
ISR,1996,1,35,2
ISR,2000,0,55,3
ISR,2004,1,43,2
ISR,2008,0,56,4
ISR,2012,0,54,2
ISR,2016,0,54,5
ISR,2020,2,102,24
ISR,2024,3,109,26
ISV,1968,0,6,0
ISV,1972,1,13,2
ISV,1976,2,24,0
ISV,1984,2,49,1
ISV,1988,2,43,1
ISV,1992,2,32,0
ISV,1996,0,14,0
ISV,2000,0,12,0
ISV,2004,0,9,0
ISV,2008,1,7,0
ISV,2012,0,9,0
ISV,2016,0,7,0
ISV,2020,0,5,0
ISV,2024,0,5,0
ITA,1896,0,1,0
ITA,1900,3,27,6
ITA,1904,0,1,0
ITA,1906,14,37,52
ITA,1908,8,74,15
ITA,1912,19,63,14
ITA,1920,60,172,59
ITA,1924,101,184,48
ITA,1928,65,141,67
ITA,1932,47,56,51
ITA,1936,38,225,86
ITA,1948,38,211,61
ITA,1952,37,280,59
ITA,1956,35,134,38
ITA,1960,53,249,100
ITA,1964,48,129,79
ITA,1968,44,161,63
ITA,1972,31,282,32
ITA,1976,31,238,43
ITA,1980,23,130,50
ITA,1984,45,257,66
ITA,1988,50,267,57
ITA,1992,52,317,62
ITA,1996,60,331,69
ITA,2000,54,311,92
ITA,2004,50,285,139
ITA,2008,45,306,108
ITA,2012,48,238,96
ITA,2016,30,262,107
ITA,2020,54,342,128
ITA,2024,48,422,140
IVB,1984,0,13,0
IVB,1988,0,4,0
IVB,1992,0,4,0
IVB,1996,0,11,0
IVB,2000,0,1,0
IVB,2004,0,1,0
IVB,2008,0,2,0
IVB,2012,0,2,0
IVB,2016,0,4,0
IVB,2020,0,3,0
IVB,2024,0,4,0
JAM,1948,8,15,3
JAM,1952,8,6,2
JAM,1956,0,5,8
JAM,1964,0,28,4
JAM,1968,0,33,2
JAM,1972,1,49,1
JAM,1976,3,32,1
JAM,1980,6,22,4
JAM,1984,7,53,15
JAM,1988,5,27,17
JAM,1992,8,28,15
JAM,1996,11,34,24
JAM,2000,12,31,22
JAM,2004,11,32,19
JAM,2008,17,32,17
JAM,2012,21,27,14
JAM,2016,17,34,26
JAM,2020,13,49,25
JAM,2024,4,60,17
JOR,1980,0,6,0
JOR,1984,0,15,0
JOR,1988,0,9,0
JOR,1992,0,5,0
JOR,1996,0,5,0
JOR,2000,0,8,0
JOR,2004,0,8,0
JOR,2008,0,7,0
JOR,2012,0,9,0
JOR,2016,0,7,1
JOR,2020,0,13,2
JOR,2024,0,11,2
JPN,1912,0,4,0
JPN,1920,0,22,4
JPN,1924,0,26,11
JPN,1928,4,35,17
JPN,1932,10,168,25
JPN,1936,8,292,25
JPN,1952,16,98,19
JPN,1956,35,154,33
JPN,1960,53,179,46
JPN,1964,55,306,95
JPN,1968,61,177,51
JPN,1972,56,200,37
JPN,1976,44,243,41
JPN,1984,20,274,71
JPN,1988,12,331,69
JPN,1992,10,291,91
JPN,1996,8,352,88
JPN,2000,12,277,74
JPN,2004,49,243,122
JPN,2008,44,299,114
JPN,2012,47,244,108
JPN,2016,54,310,72
JPN,2020,72,559,156
JPN,2024,62,422,114
KAZ,1996,6,122,14
KAZ,2000,5,138,15
KAZ,2004,3,109,18
KAZ,2008,3,124,19
KAZ,2012,6,112,14
KAZ,2016,4,102,17
KAZ,2020,2,106,8
KAZ,2024,2,106,15
KEN,1956,0,31,0
KEN,1960,0,30,0
KEN,1964,4,32,5
KEN,1968,13,26,11
KEN,1972,9,50,10
KEN,1984,0,63,4
KEN,1988,0,76,12
KEN,1992,0,43,12
KEN,1996,0,40,14
KEN,2000,2,51,6
KEN,2004,3,35,8
KEN,2008,4,29,14
KEN,2012,6,29,16
KEN,2016,7,63,10
KEN,2020,4,74,11
KEN,2024,6,62,9
KGZ,1996,0,53,0
KGZ,2000,3,64,4
KGZ,2004,0,31,1
KGZ,2008,0,19,3
KGZ,2012,0,15,0
KGZ,2016,0,19,0
KGZ,2020,0,12,5
KGZ,2024,0,11,6
KIR,2004,0,3,0
KIR,2008,0,2,0
KIR,2012,0,3,0
KIR,2016,0,3,0
KIR,2020,0,3,0
KIR,2024,0,3,0
KOR,1948,0,44,4
KOR,1952,0,18,4
KOR,1956,0,33,3
KOR,1960,0,47,2
KOR,1964,0,237,3
KOR,1968,0,61,5
KOR,1972,0,36,7
KOR,1976,0,32,19
KOR,1984,7,184,49
KOR,1988,20,439,92
KOR,1992,21,222,79
KOR,1996,29,296,92
KOR,2000,27,228,104
KOR,2004,29,232,83
KOR,2008,33,198,98
KOR,2012,23,205,84
KOR,2016,18,205,40
KOR,2020,14,263,61
KOR,2024,16,148,84
KOS,2016,0,6,2
KOS,2020,1,8,2
KOS,2024,1,6,2
KSA,1972,0,14,0
KSA,1976,0,19,0
KSA,1984,0,42,0
KSA,1988,0,13,0
KSA,1992,0,17,0
KSA,1996,0,26,8
KSA,2000,0,18,5
KSA,2004,0,13,3
KSA,2008,0,12,6
KSA,2012,0,15,8
KSA,2016,0,11,0
KSA,2020,0,32,1
KSA,2024,0,11,0
KUW,1968,0,2,0
KUW,1972,0,4,0
KUW,1976,0,21,0
KUW,1980,0,67,0
KUW,1984,0,31,0
KUW,1988,0,34,0
KUW,1992,1,36,0
KUW,1996,2,24,1
KUW,2000,1,28,1
KUW,2004,1,9,1
KUW,2008,0,7,1
KUW,2012,2,9,1
KUW,2020,0,9,1
KUW,2024,0,9,0
LAO,1980,0,19,0
LAO,1988,0,3,0
LAO,1992,0,7,0
LAO,1996,0,5,0
LAO,2000,0,3,0
LAO,2004,0,5,0
LAO,2008,0,4,0
LAO,2012,0,3,0
LAO,2016,0,5,0
LAO,2020,0,4,0
LAO,2024,0,4,0
LAT,1924,0,47,0
LAT,1928,0,24,0
LAT,1932,0,12,1
LAT,1936,0,30,3
LAT,1992,2,36,2
LAT,1996,3,48,4
LAT,2000,1,45,14
LAT,2004,1,28,16
LAT,2008,2,45,6
LAT,2012,2,43,5
LAT,2016,1,31,1
LAT,2020,0,33,5
LAT,2024,0,30,2
LBA,1968,0,1,0
LBA,1980,0,38,0
LBA,1988,0,7,0
LBA,1992,0,5,0
LBA,1996,0,5,0
LBA,2000,0,3,0
LBA,2004,0,8,0
LBA,2008,0,6,0
LBA,2012,0,4,0
LBA,2016,0,7,0
LBA,2020,0,4,0
LBA,2024,0,6,0
LBN,2020,0,6,0
LBN,2024,0,11,0
LBR,1956,0,8,3
LBR,1960,0,4,2
LBR,1964,0,2,0
LBR,1972,0,5,0
LBR,1984,0,10,0
LBR,1988,0,11,0
LBR,1996,0,7,0
LBR,2000,0,10,0
LBR,2004,0,2,0
LBR,2008,0,4,0
LBR,2012,0,3,0
LBR,2016,0,3,0
LBR,2020,0,4,0
LBR,2024,0,10,0
LCA,1996,0,8,0
LCA,2000,0,5,0
LCA,2004,0,2,0
LCA,2008,0,4,0
LCA,2012,0,4,0
LCA,2016,0,5,0
LCA,2020,0,5,0
LCA,2024,2,3,0
LES,1972,0,2,0
LES,1980,0,7,0
LES,1984,0,5,0
LES,1988,0,6,0
LES,1992,0,8,0
LES,1996,0,11,0
LES,2000,0,6,0
LES,2004,0,3,0
LES,2008,0,5,0
LES,2012,0,4,0
LES,2016,0,9,0
LES,2020,0,2,0
LES,2024,0,3,0
LIB,1948,0,9,0
LIB,1952,0,7,2
LIB,1960,0,21,1
LIB,1964,0,8,0
LIB,1968,0,13,2
LIB,1972,0,34,2
LIB,1976,0,4,0
LIB,1980,0,17,2
LIB,1984,0,30,0
LIB,1988,0,31,0
LIB,1992,0,18,0
LIB,1996,0,1,0
LIB,2000,0,6,0
LIB,2004,0,5,0
LIB,2008,0,6,0
LIB,2012,0,10,0
LIB,2016,0,9,0
LIE,1936,0,8,0
LIE,1948,0,2,0
LIE,1952,0,2,0
LIE,1960,0,8,0
LIE,1964,0,3,0
LIE,1968,0,3,0
LIE,1972,0,12,0
LIE,1976,0,9,0
LIE,1984,0,8,0
LIE,1988,0,16,0
LIE,1992,0,8,0
LIE,1996,0,2,0
LIE,2000,0,2,0
LIE,2004,0,1,0
LIE,2008,0,2,0
LIE,2012,0,4,0
LIE,2016,0,3,0
LIE,2020,0,9,0
LIE,2024,0,1,0
LTU,1924,0,13,0
LTU,1928,0,13,0
LTU,1992,5,37,12
LTU,1996,4,58,19
LTU,2000,2,54,21
LTU,2004,1,58,11
LTU,2008,1,66,11
LTU,2012,1,56,15
LTU,2016,0,69,11
LTU,2020,0,57,2
LTU,2024,0,55,8
LUX,1900,0,0,1
LUX,1912,0,44,0
LUX,1920,0,34,1
LUX,1924,1,119,2
LUX,1928,6,101,0
LUX,1932,8,3,0
LUX,1936,17,112,0
LUX,1948,0,113,2
LUX,1952,0,100,1
LUX,1956,0,26,1
LUX,1960,0,117,0
LUX,1964,0,27,0
LUX,1968,0,7,0
LUX,1972,0,15,0
LUX,1976,0,9,0
LUX,1980,0,4,0
LUX,1984,0,5,0
LUX,1988,0,11,0
LUX,1992,0,8,0
LUX,1996,0,7,0
LUX,2000,0,9,0
LUX,2004,0,14,0
LUX,2008,0,19,0
LUX,2012,0,11,0
LUX,2016,0,15,0
LUX,2020,0,14,0
LUX,2024,0,13,0
MAD,1964,0,4,0
MAD,1968,0,6,0
MAD,1972,0,13,0
MAD,1980,0,18,0
MAD,1984,0,5,0
MAD,1992,0,17,0
MAD,1996,0,14,0
MAD,2000,0,13,0
MAD,2004,0,8,0
MAD,2008,0,6,0
MAD,2012,0,7,0
MAD,2016,0,6,0
MAD,2020,0,6,0
MAD,2024,0,7,0
MAL,1956,0,34,0
MAL,1960,0,11,0
MAR,1960,0,109,2
MAR,1964,0,21,0
MAR,1968,0,25,0
MAR,1972,0,39,0
MAR,1976,0,9,0
MAR,1984,1,33,1
MAR,1988,2,24,3
MAR,1992,0,40,5
MAR,1996,1,31,6
MAR,2000,1,49,5
MAR,2004,2,49,6
MAR,2008,0,45,4
MAR,2012,0,65,2
MAR,2016,0,50,2
MAR,2020,2,49,0
MAR,2024,1,43,19
MAS,1964,0,79,2
MAS,1968,0,35,0
MAS,1972,0,57,0
MAS,1976,0,25,0
MAS,1984,0,27,0
MAS,1988,0,17,0
MAS,1992,0,26,4
MAS,1996,0,40,3
MAS,2000,0,52,3
MAS,2004,1,37,0
MAS,2008,2,36,4
MAS,2012,2,27,9
MAS,2016,1,31,10
MAS,2020,0,40,7
MAS,2024,0,27,5
MAW,1972,0,18,0
MAW,1984,0,23,0
MAW,1988,0,22,0
MAW,1992,0,4,0
MAW,1996,0,2,0
MAW,2000,0,2,0
MAW,2004,0,4,0
MAW,2008,0,4,0
MAW,2012,0,3,0
MAW,2016,0,5,0
MAW,2020,0,5,0
MAW,2024,0,3,0
MDA,1996,4,42,4
MDA,2000,0,32,3
MDA,2004,0,31,2
MDA,2008,0,27,3
MDA,2012,0,17,3
MDA,2016,0,22,1
MDA,2020,0,23,3
MDA,2024,0,26,4
MDV,1988,0,9,0
MDV,1992,0,10,0
MDV,1996,0,9,0
MDV,2000,0,4,0
MDV,2004,0,4,0
MDV,2008,0,4,0
MDV,2012,0,5,0
MDV,2016,0,4,0
MDV,2020,0,4,0
MDV,2024,0,5,0
MEX,1900,0,0,3
MEX,1924,0,28,0
MEX,1928,0,53,2
MEX,1932,0,98,2
MEX,1936,0,15,17
MEX,1948,9,133,7
MEX,1952,4,78,3
MEX,1956,2,30,4
MEX,1960,1,102,7
MEX,1964,3,111,14
MEX,1968,15,402,29
MEX,1972,7,252,22
MEX,1976,5,122,10
MEX,1980,2,52,20
MEX,1984,2,141,12
MEX,1988,0,127,17
MEX,1992,0,128,12
MEX,1996,0,103,8
MEX,2000,0,83,15
MEX,2004,4,117,16
MEX,2008,5,88,10
MEX,2012,4,88,27
MEX,2016,3,123,13
MEX,2020,0,159,37
MEX,2024,0,139,16
MGL,1964,0,36,4
MGL,1968,0,33,5
MGL,1972,0,38,6
MGL,1976,0,30,3
MGL,1980,0,51,6
MGL,1988,0,31,1
MGL,1992,0,35,3
MGL,1996,0,13,5
MGL,2000,0,18,5
MGL,2004,0,17,4
MGL,2008,1,24,6
MGL,2012,1,22,9
MGL,2016,1,40,5
MGL,2020,0,55,6
MGL,2024,0,46,2
MHL,2008,0,5,0
MHL,2012,0,4,0
MHL,2016,0,5,0
MHL,2020,0,2,0
MHL,2024,0,4,0
MKD,1996,1,15,0
MKD,2000,0,14,1
MKD,2004,0,13,1
MKD,2008,0,7,0
MKD,2012,0,4,0
MKD,2016,0,6,0
MKD,2020,0,7,1
MKD,2024,0,6,0
MLI,1964,0,2,0
MLI,1968,0,2,0
MLI,1972,0,3,0
MLI,1980,0,7,0
MLI,1984,0,5,0
MLI,1988,0,8,0
MLI,1992,0,6,0
MLI,1996,0,4,0
MLI,2000,0,5,0
MLI,2004,0,21,0
MLI,2008,0,17,0
MLI,2012,0,6,0
MLI,2016,0,6,0
MLI,2020,0,4,0
MLI,2024,0,24,0
MLT,1928,0,9,0
MLT,1936,0,11,0
MLT,1948,0,1,0
MLT,1960,0,13,0
MLT,1968,0,1,0
MLT,1972,0,5,0
MLT,1980,0,12,0
MLT,1984,0,7,0
MLT,1988,0,6,0
MLT,1992,0,8,0
MLT,1996,0,9,1
MLT,2000,0,7,0
MLT,2004,0,7,0
MLT,2008,0,6,0
MLT,2012,0,5,0
MLT,2016,0,8,0
MLT,2020,0,8,0
MLT,2024,0,5,0
MNE,2008,0,17,3
MNE,2012,0,17,17
MNE,2016,0,23,12
MNE,2020,0,35,0
MNE,2024,0,19,0
MON,1920,0,7,0
MON,1924,0,8,1
MON,1928,0,12,0
MON,1932,0,1,0
MON,1936,0,11,0
MON,1948,0,4,0
MON,1952,0,10,0
MON,1960,0,13,0
MON,1964,0,1,0
MON,1968,0,2,0
MON,1972,0,5,0
MON,1976,0,10,0
MON,1984,0,8,0
MON,1988,0,9,0
MON,1992,0,4,0
MON,1996,0,4,0
MON,2000,0,4,0
MON,2004,0,3,0
MON,2008,0,5,0
MON,2012,0,6,0
MON,2016,0,8,0
MON,2020,0,6,0
MON,2024,0,6,0
MOZ,1980,1,15,0
MOZ,1984,2,12,0
MOZ,1988,1,11,0
MOZ,1992,2,5,0
MOZ,1996,1,2,0
MOZ,2000,1,3,0
MOZ,2004,1,3,0
MOZ,2008,1,3,0
MOZ,2012,0,6,0
MOZ,2016,0,8,0
MOZ,2020,0,10,0
MOZ,2024,0,7,0
MRI,1984,0,7,0
MRI,1988,0,11,0
MRI,1992,0,22,0
MRI,1996,0,36,0
MRI,2000,0,26,0
MRI,2004,0,9,0
MRI,2008,0,10,1
MRI,2012,0,11,0
MRI,2016,0,11,0
MRI,2020,0,8,0
MRI,2024,0,12,0
MTN,1984,0,2,0
MTN,1988,0,7,0
MTN,1992,0,6,0
MTN,1996,0,4,0
MTN,2000,0,2,0
MTN,2004,0,2,0
MTN,2008,0,2,0
MTN,2012,0,2,0
MTN,2016,0,2,0
MTN,2020,0,2,0
MTN,2024,0,2,0
MYA,1948,0,5,0
MYA,1952,0,5,0
MYA,1956,0,12,0
MYA,1960,0,10,0
MYA,1964,0,12,0
MYA,1968,0,4,0
MYA,1972,0,19,0
MYA,1980,0,2,0
MYA,1984,0,1,0
MYA,1988,0,3,0
MYA,1992,0,5,0
MYA,1996,0,3,0
MYA,2000,0,7,0
MYA,2004,0,2,0
MYA,2008,0,7,0
MYA,2012,0,6,0
MYA,2016,0,8,0
MYA,2020,0,2,0
MYA,2024,0,2,0
NAM,1992,2,7,1
NAM,1996,2,8,0
NAM,2000,0,16,0
NAM,2004,2,8,0
NAM,2008,0,11,0
NAM,2012,0,9,0
NAM,2016,0,11,0
NAM,2020,0,10,1
NAM,2024,0,4,0
NBO,1956,0,2,0
NCA,1968,0,15,1
NCA,1972,0,10,0
NCA,1976,0,25,0
NCA,1980,0,6,0
NCA,1984,0,5,0
NCA,1992,0,9,0
NCA,1996,0,27,1
NCA,2000,0,6,0
NCA,2004,0,6,0
NCA,2008,0,7,0
NCA,2012,0,6,0
NCA,2016,0,5,0
NCA,2020,0,8,0
NCA,2024,0,7,0
NED,1900,7,20,46
NED,1906,13,15,21
NED,1908,17,178,23
NED,1912,10,12,23
NED,1920,12,125,76
NED,1924,17,171,58
NED,1928,18,282,84
NED,1932,12,45,23
NED,1936,15,165,47
NED,1948,10,134,43
NED,1952,8,142,30
NED,1956,0,1,0
NED,1960,0,145,15
NED,1964,2,113,43
NED,1968,3,102,35
NED,1972,2,178,19
NED,1976,0,151,24
NED,1980,4,91,17
NED,1984,24,114,47
NED,1988,33,112,57
NED,1992,28,165,64
NED,1996,40,176,74
NED,2000,44,148,93
NED,2004,42,146,76
NED,2008,52,165,66
NED,2012,37,119,66
NED,2016,34,221,74
NED,2020,40,238,113
NED,2024,35,296,118
NEP,1964,0,6,0
NEP,1972,0,2,0
NEP,1976,0,1,0
NEP,1980,0,10,0
NEP,1984,0,10,0
NEP,1988,0,20,0
NEP,1992,0,2,0
NEP,1996,0,6,0
NEP,2000,0,5,0
NEP,2004,0,6,0
NEP,2008,0,8,0
NEP,2012,0,5,0
NEP,2016,0,7,0
NEP,2020,0,5,0
NEP,2024,0,7,0
NFL,1904,0,0,1
NGR,1952,0,15,0
NGR,1956,0,14,0
NGR,1960,0,15,0
NGR,1964,0,18,1
NGR,1968,0,46,0
NGR,1972,0,35,1
NGR,1980,0,55,1
NGR,1984,0,27,9
NGR,1988,0,72,14
NGR,1992,0,48,24
NGR,1996,0,40,44
NGR,2000,1,71,28
NGR,2004,1,63,15
NGR,2008,0,56,33
NGR,2012,0,51,7
NGR,2016,0,53,24
NGR,2020,0,65,3
NGR,2024,0,101,2
NIG,1964,0,0,1
NIG,1968,0,1,1
NIG,1972,0,3,1
NIG,1984,0,4,0
NIG,1988,0,6,0
NIG,1992,0,3,0
NIG,1996,0,3,0
NIG,2000,0,4,0
NIG,2004,0,4,0
NIG,2008,0,4,0
NIG,2012,0,6,0
NIG,2016,0,5,1
NIG,2020,0,7,0
NIG,2024,0,7,0
NOR,1900,12,0,17
NOR,1904,0,4,2
NOR,1906,25,6,24
NOR,1908,35,39,29
NOR,1912,34,158,71
NOR,1920,64,93,110
NOR,1924,27,67,11
NOR,1928,2,62,15
NOR,1932,0,7,1
NOR,1936,3,49,32
NOR,1948,7,75,15
NOR,1952,4,164,22
NOR,1956,2,19,8
NOR,1960,1,43,6
NOR,1964,0,43,0
NOR,1968,5,78,3
NOR,1972,8,144,9
NOR,1976,3,69,7
NOR,1984,3,119,10
NOR,1988,4,50,25
NOR,1992,4,84,26
NOR,1996,11,74,31
NOR,2000,13,60,42
NOR,2004,5,46,9
NOR,2008,15,71,16
NOR,2012,16,41,12
NOR,2016,11,55,11
NOR,2020,12,88,12
NOR,2024,13,99,16
NRU,1996,0,3,0
NRU,2000,0,2,0
NRU,2004,0,3,0
NRU,2008,0,1,0
NRU,2012,0,2,0
NRU,2016,0,2,0
NRU,2020,0,2,0
NRU,2024,0,1,0
NZL,1900,0,0,1
NZL,1920,0,5,1
NZL,1924,0,4,2
NZL,1928,0,12,1
NZL,1932,0,21,8
NZL,1936,0,8,1
NZL,1948,0,5,3
NZL,1952,0,15,5
NZL,1956,0,51,6
NZL,1960,1,39,7
NZL,1964,4,76,8
NZL,1968,4,51,10
NZL,1972,9,86,17
NZL,1976,8,66,24
NZL,1980,4,3,0
NZL,1984,17,113,32
NZL,1988,15,68,29
NZL,1992,21,137,17
NZL,1996,15,100,14
NZL,2000,8,161,8
NZL,2004,10,160,14
NZL,2008,14,164,23
NZL,2012,15,161,28
NZL,2016,21,166,45
NZL,2020,30,186,63
NZL,2024,18,176,59
OMA,1984,0,22,0
OMA,1988,0,13,0
OMA,1992,0,5,0
OMA,1996,0,5,0
OMA,2000,0,8,0
OMA,2004,0,2,0
OMA,2008,0,4,0
OMA,2012,0,3,0
OMA,2016,0,4,0
OMA,2020,0,5,0
OMA,2024,0,4,0
PAK,1948,1,38,5
PAK,1952,5,41,5
PAK,1956,12,58,9
PAK,1960,9,39,5
PAK,1964,9,30,8
PAK,1968,10,2,3
PAK,1972,8,10,8
PAK,1976,5,8,11
PAK,1984,5,17,11
PAK,1988,0,22,11
PAK,1992,2,12,14
PAK,1996,1,17,6
PAK,2000,3,23,1
PAK,2004,2,22,2
PAK,2008,1,21,0
PAK,2012,0,20,1
PAK,2016,0,7,0
PAK,2020,0,9,1
PAK,2024,0,9,1
PAN,1928,0,2,0
PAN,1948,0,0,2
PAN,1952,0,1,0
PAN,1960,0,8,0
PAN,1964,0,15,0
PAN,1968,0,16,0
PAN,1972,0,7,1
PAN,1976,0,13,0
PAN,1984,0,7,3
PAN,1988,0,7,2
PAN,1992,0,7,0
PAN,1996,0,9,0
PAN,2000,0,7,0
PAN,2004,0,4,1
PAN,2008,0,4,1
PAN,2012,1,6,1
PAN,2016,0,14,0
PAN,2020,0,11,0
PAN,2024,0,12,1
PAR,1968,0,1,0
PAR,1972,0,3,0
PAR,1976,0,6,0
PAR,1984,0,18,0
PAR,1988,0,13,0
PAR,1992,1,29,1
PAR,1996,0,7,0
PAR,2000,0,5,0
PAR,2004,0,5,17
PAR,2008,0,7,0
PAR,2012,0,10,0
PAR,2016,0,11,0
PAR,2020,0,9,0
PAR,2024,0,29,0
PER,1900,0,2,0
PER,1932,0,3,0
PER,1936,0,46,0
PER,1948,0,48,1
PER,1956,0,10,0
PER,1960,0,31,2
PER,1964,3,37,0
PER,1968,0,33,0
PER,1972,0,30,1
PER,1976,0,14,0
PER,1980,1,32,5
PER,1984,2,31,11
PER,1988,0,12,14
PER,1992,0,19,2
PER,1996,0,30,3
PER,2000,0,18,4
PER,2004,0,12,2
PER,2008,0,13,0
PER,2012,0,16,0
PER,2016,0,33,1
PER,2020,0,41,1
PER,2024,0,31,1
PHI,1924,0,2,0
PHI,1928,0,4,2
PHI,1932,0,4,4
PHI,1936,0,36,4
PHI,1948,0,31,0
PHI,1952,0,28,0
PHI,1956,0,48,0
PHI,1960,0,49,0
PHI,1964,0,69,1
PHI,1968,0,89,0
PHI,1972,1,77,1
PHI,1976,0,22,0
PHI,1984,0,32,0
PHI,1988,0,40,2
PHI,1992,0,36,2
PHI,1996,0,17,1
PHI,2000,1,20,1
PHI,2004,0,18,3
PHI,2008,1,15,1
PHI,2012,1,10,0
PHI,2016,1,12,0
PHI,2020,8,16,3
PHI,2024,8,32,4
PLE,1996,0,1,0
PLE,2000,0,2,0
PLE,2004,0,3,0
PLE,2008,0,4,0
PLE,2012,0,5,0
PLE,2016,0,6,0
PLE,2020,0,5,0
PLE,2024,0,8,0
PLW,2000,0,5,0
PLW,2004,1,3,0
PLW,2008,0,5,0
PLW,2012,0,5,0
PLW,2016,0,6,0
PLW,2020,0,3,0
PLW,2024,0,3,0
PNG,1976,0,9,0
PNG,1984,0,12,0
PNG,1988,0,15,0
PNG,1992,0,19,0
PNG,1996,0,17,0
PNG,2000,0,5,0
PNG,2004,0,6,0
PNG,2008,0,9,0
PNG,2012,0,8,0
PNG,2016,0,8,0
PNG,2020,0,8,0
PNG,2024,0,7,0
POL,1912,0,1,0
POL,1924,0,79,21
POL,1928,0,107,39
POL,1932,4,40,27
POL,1936,3,148,26
POL,1948,0,48,4
POL,1952,6,206,36
POL,1956,10,42,66
POL,1960,23,226,58
POL,1964,29,159,52
POL,1968,18,220,58
POL,1972,22,310,86
POL,1976,17,174,95
POL,1980,11,320,87
POL,1988,5,133,54
POL,1992,9,183,71
POL,1996,9,149,49
POL,2000,18,184,38
POL,2004,12,189,23
POL,2008,14,263,39
POL,2012,14,212,30
POL,2016,10,252,27
POL,2020,14,211,57
POL,2024,8,259,45
POR,1912,0,8,0
POR,1920,0,32,8
POR,1924,0,32,15
POR,1928,0,26,13
POR,1932,0,6,2
POR,1936,0,14,12
POR,1948,0,51,14
POR,1952,0,137,18
POR,1956,0,16,2
POR,1960,0,97,12
POR,1964,0,22,3
POR,1968,0,30,3
POR,1972,2,35,4
POR,1976,1,34,1
POR,1980,0,18,0
POR,1984,3,44,1
POR,1988,2,89,0
POR,1992,1,111,3
POR,1996,1,126,4
POR,2000,1,58,5
POR,2004,1,76,16
POR,2008,0,77,10
POR,2012,0,89,9
POR,2016,0,96,10
POR,2020,1,103,9
POR,2024,3,86,6
PRK,1972,0,66,17
PRK,1976,0,35,5
PRK,1980,0,114,7
PRK,1992,1,105,17
PRK,1996,2,20,14
PRK,2000,1,34,12
PRK,2004,1,63,7
PRK,2008,2,51,13
PRK,2012,3,51,3
PRK,2016,2,22,14
PRK,2024,0,10,8
PUR,1948,0,8,1
PUR,1952,0,20,3
PUR,1956,0,14,0
PUR,1960,0,28,1
PUR,1964,0,45,0
PUR,1968,3,95,1
PUR,1972,0,60,0
PUR,1976,1,107,4
PUR,1980,0,3,0
PUR,1984,0,54,4
PUR,1988,0,56,0
PUR,1992,0,99,2
PUR,1996,4,84,3
PUR,2000,0,37,1
PUR,2004,0,52,0
PUR,2008,1,29,1
PUR,2012,0,26,2
PUR,2016,1,37,3
PUR,2020,2,37,0
PUR,2024,2,50,1
QAT,1984,0,26,0
QAT,1988,0,12,1
QAT,1992,0,29,1
QAT,1996,0,11,2
QAT,2000,0,16,3
QAT,2004,0,13,2
QAT,2008,0,19,1
QAT,2012,0,12,2
QAT,2016,0,40,2
QAT,2020,1,13,3
QAT,2024,1,10,2
RHO,1960,0,12,0
ROC,2020,52,302,207
ROT,2016,0,12,0
ROU,1900,0,1,0
ROU,1924,0,29,16
ROU,1928,0,33,0
ROU,1932,0,2,0
ROU,1936,0,116,2
ROU,1952,2,231,8
ROU,1956,6,42,55
ROU,1960,7,97,52
ROU,1964,9,170,53
ROU,1968,9,58,33
ROU,1972,12,182,64
ROU,1976,26,130,99
ROU,1980,37,193,109
ROU,1984,59,44,90
ROU,1988,46,62,64
ROU,1992,42,174,90
ROU,1996,49,176,59
ROU,2000,63,134,55
ROU,2004,55,75,63
ROU,2008,22,93,57
ROU,2012,16,104,35
ROU,2016,7,89,25
ROU,2020,7,101,11
ROU,2024,10,111,23
RSA,1904,0,8,0
RSA,1908,2,28,3
RSA,1912,4,39,13
RSA,1920,13,35,49
RSA,1924,4,31,9
RSA,1928,2,25,13
RSA,1932,0,12,8
RSA,1936,0,52,2
RSA,1948,0,30,13
RSA,1952,0,77,32
RSA,1956,0,59,31
RSA,1960,0,64,8
RSA,1992,3,129,9
RSA,1996,3,95,13
RSA,2000,8,132,21
RSA,2004,4,105,19
RSA,2008,5,156,18
RSA,2012,13,123,9
RSA,2016,9,119,27
RSA,2020,6,191,14
RSA,2024,4,134,23
RUS,1900,0,5,0
RUS,1908,1,3,3
RUS,1912,3,232,31
RUS,1924,0,3,0
RUS,1996,134,239,179
RUS,2000,142,258,202
RUS,2004,119,264,210
RUS,2008,78,314,208
RUS,2012,79,267,203
RUS,2016,66,178,162
RWA,1984,0,6,0
RWA,1988,0,8,0
RWA,1992,0,10,0
RWA,1996,0,4,0
RWA,2000,0,5,0
RWA,2004,0,5,0
RWA,2008,0,4,0
RWA,2012,0,7,0
RWA,2016,0,7,0
RWA,2020,0,5,0
RWA,2024,0,8,0
SAA,1952,1,92,0
SAM,1984,0,9,0
SAM,1988,0,11,0
SAM,1992,0,5,0
SAM,1996,0,5,0
SAM,2000,0,5,0
SAM,2004,0,3,0
SAM,2008,0,7,0
SAM,2012,0,9,0
SAM,2016,0,9,0
SAM,2020,0,13,0
SAM,2024,0,24,0
SCG,1996,16,32,31
SCG,2000,17,82,26
SCG,2004,13,64,19
SEN,1964,0,14,0
SEN,1968,0,24,0
SEN,1972,0,40,0
SEN,1976,0,33,0
SEN,1980,0,39,0
SEN,1984,0,27,2
SEN,1988,0,33,2
SEN,1992,0,24,1
SEN,1996,0,12,0
SEN,2000,0,32,0
SEN,2004,0,21,0
SEN,2008,0,17,0
SEN,2012,0,32,0
SEN,2016,0,22,0
SEN,2020,0,9,0
SEN,2024,0,13,0
SEY,1980,0,21,0
SEY,1984,0,15,0
SEY,1992,0,21,0
SEY,1996,0,9,0
SEY,2000,0,9,0
SEY,2004,0,10,0
SEY,2008,0,10,0
SEY,2012,0,6,0
SEY,2016,0,10,0
SEY,2020,0,6,0
SEY,2024,0,3,0
SGP,1948,0,1,0
SGP,1952,0,7,0
SGP,1956,0,51,1
SGP,1960,0,4,1
SGP,1968,0,6,0
SGP,1972,0,12,0
SGP,1976,0,4,0
SGP,1984,0,14,0
SGP,1988,0,27,0
SGP,1992,0,35,2
SGP,1996,0,35,0
SGP,2000,0,21,2
SGP,2004,0,20,2
SGP,2008,2,30,4
SGP,2012,2,29,5
SGP,2016,2,28,2
SGP,2020,0,28,2
SGP,2024,0,31,1
SKN,1996,0,14,0
SKN,2000,0,4,0
SKN,2004,0,2,0
SKN,2008,0,6,0
SKN,2012,0,5,2
SKN,2016,0,8,1
SKN,2020,0,1,1
SKN,2024,0,3,0
SLE,1968,0,4,0
SLE,1980,0,32,0
SLE,1984,0,10,0
SLE,1988,0,20,0
SLE,1992,0,15,0
SLE,1996,0,19,0
SLE,2000,0,3,0
SLE,2004,0,2,0
SLE,2008,0,3,0
SLE,2012,0,2,0
SLE,2016,0,4,0
SLE,2020,0,4,0
SLE,2024,0,4,0
SLO,1992,4,37,6
SLO,1996,5,36,6
SLO,2000,8,78,4
SLO,2004,10,85,7
SLO,2008,8,61,4
SLO,2012,7,65,6
SLO,2016,2,66,2
SLO,2020,2,57,5
SLO,2024,1,110,6
SMR,1960,0,13,0
SMR,1968,0,4,0
SMR,1972,0,7,0
SMR,1976,0,10,0
SMR,1980,0,16,0
SMR,1984,0,31,0
SMR,1988,0,15,0
SMR,1992,0,20,0
SMR,1996,0,7,0
SMR,2000,0,4,0
SMR,2004,0,5,0
SMR,2008,0,4,0
SMR,2012,0,3,1
SMR,2016,0,3,1
SMR,2020,0,3,5
SMR,2024,0,3,2
SOL,1984,0,3,0
SOL,1988,0,5,0
SOL,1992,0,1,0
SOL,1996,0,4,0
SOL,2000,0,2,0
SOL,2004,0,2,0
SOL,2008,0,3,0
SOL,2012,0,4,0
SOL,2016,0,3,0
SOL,2020,0,3,0
SOL,2024,0,2,0
SOM,1972,0,4,0
SOM,1984,0,9,0
SOM,1988,0,5,0
SOM,1996,0,4,0
SOM,2000,0,2,0
SOM,2004,0,2,0
SOM,2008,0,2,0
SOM,2012,0,2,0
SOM,2016,0,2,0
SOM,2020,0,2,0
SOM,2024,0,1,0
SRB,1912,0,2,0
SRB,2008,15,64,18
SRB,2012,14,99,21
SRB,2016,11,62,54
SRB,2020,7,66,37
SRB,2024,7,95,33
SRI,1948,0,8,2
SRI,1952,0,7,0
SRI,1956,0,3,0
SRI,1960,0,5,0
SRI,1964,0,7,0
SRI,1968,0,3,0
SRI,1972,0,6,0
SRI,1980,0,4,0
SRI,1984,0,6,0
SRI,1988,0,9,0
SRI,1992,0,16,0
SRI,1996,0,10,1
SRI,2000,0,22,2
SRI,2004,0,8,0
SRI,2008,0,8,1
SRI,2012,0,8,0
SRI,2016,0,10,0
SRI,2020,0,13,0
SRI,2024,0,6,0
SSD,2016,0,3,0
SSD,2020,0,2,0
SSD,2024,0,14,0
STP,1996,0,2,0
STP,2000,0,2,0
STP,2004,0,2,0
STP,2008,0,4,0
STP,2012,0,2,0
STP,2016,0,3,0
STP,2020,0,5,0
STP,2024,0,3,0
SUD,1960,0,13,0
SUD,1968,0,7,0
SUD,1972,0,31,0
SUD,1984,0,9,0
SUD,1988,0,8,0
SUD,1992,0,7,0
SUD,1996,0,4,0
SUD,2000,0,3,0
SUD,2004,0,3,1
SUD,2008,0,8,1
SUD,2012,0,5,1
SUD,2016,0,6,0
SUD,2020,0,5,0
SUD,2024,0,4,0
SUI,1896,4,4,0
SUI,1900,35,8,9
SUI,1904,3,3,1
SUI,1906,32,13,0
SUI,1908,0,0,1
SUI,1912,0,4,3
SUI,1920,4,77,45
SUI,1924,68,135,59
SUI,1928,52,145,39
SUI,1932,1,5,3
SUI,1936,42,200,86
SUI,1948,46,183,58
SUI,1952,31,151,69
SUI,1956,4,12,2
SUI,1960,2,181,38
SUI,1964,4,116,9
SUI,1968,4,134,17
SUI,1972,2,248,15
SUI,1976,3,82,16
SUI,1980,1,78,7
SUI,1984,4,215,26
SUI,1988,4,131,16
SUI,1992,3,149,19
SUI,1996,3,136,33
SUI,2000,4,105,29
SUI,2004,7,112,19
SUI,2008,8,89,19
SUI,2012,8,101,17
SUI,2016,8,125,19
SUI,2020,7,159,30
SUI,2024,5,191,22
SUR,1968,0,1,0
SUR,1972,0,3,0
SUR,1976,0,4,0
SUR,1984,2,5,0
SUR,1988,2,8,0
SUR,1992,1,8,0
SUR,1996,0,11,0
SUR,2000,0,5,0
SUR,2004,0,4,0
SUR,2008,0,4,0
SUR,2012,0,5,0
SUR,2016,0,6,0
SUR,2020,0,5,0
SUR,2024,0,6,0
SVK,1996,2,84,12
SVK,2000,6,112,14
SVK,2004,5,67,12
SVK,2008,6,50,11
SVK,2012,5,53,7
SVK,2016,2,51,10
SVK,2020,0,45,11
SVK,2024,0,33,5
SWE,1896,0,5,0
SWE,1900,6,9,12
SWE,1906,48,28,19
SWE,1908,77,106,93
SWE,1912,133,357,224
SWE,1920,94,133,177
SWE,1924,60,90,106
SWE,1928,24,66,49
SWE,1932,25,69,34
SWE,1936,19,169,43
SWE,1948,31,117,75
SWE,1952,60,198,97
SWE,1956,53,73,60
SWE,1960,25,221,12
SWE,1964,18,138,19
SWE,1968,16,143,27
SWE,1972,16,135,35
SWE,1976,7,131,25
SWE,1980,10,135,56
SWE,1984,22,178,54
SWE,1988,25,178,48
SWE,1992,27,188,37
SWE,1996,36,157,40
SWE,2000,26,137,35
SWE,2004,13,105,39
SWE,2008,13,122,34
SWE,2012,12,114,42
SWE,2016,12,132,42
SWE,2020,11,129,33
SWE,2024,9,143,21
SWZ,1972,0,4,0
SWZ,1984,0,10,1
SWZ,1988,0,14,1
SWZ,1992,0,10,0
SWZ,1996,0,6,0
SWZ,2000,0,6,0
SWZ,2004,0,3,0
SWZ,2008,0,4,0
SWZ,2012,0,3,0
SWZ,2016,0,2,0
SWZ,2020,0,4,0
SWZ,2024,0,3,0
SYR,1948,0,1,0
SYR,1968,0,2,0
SYR,1972,0,5,0
SYR,1980,0,71,0
SYR,1984,0,8,1
SYR,1988,0,13,0
SYR,1992,0,8,1
SYR,1996,0,7,1
SYR,2000,0,7,1
SYR,2004,0,5,1
SYR,2008,0,7,0
SYR,2012,0,10,0
SYR,2016,0,6,1
SYR,2020,0,5,1
SYR,2024,0,9,1
TAN,1964,0,4,0
TAN,1968,0,5,0
TAN,1972,0,20,2
TAN,1980,0,46,2
TAN,1984,0,21,0
TAN,1988,0,10,0
TAN,1992,0,9,0
TAN,1996,0,7,0
TAN,2000,0,4,0
TAN,2004,0,9,0
TAN,2008,0,9,0
TAN,2012,0,6,0
TAN,2016,0,7,0
TAN,2020,0,3,0
TAN,2024,0,7,0
TCH,1920,2,166,14
TCH,1924,28,189,25
TCH,1928,22,82,43
TCH,1932,1,35,8
TCH,1936,10,248,35
TCH,1948,8,115,30
TCH,1952,23,121,74
TCH,1956,11,110,40
TCH,1960,15,143,44
TCH,1964,7,96,84
TCH,1968,10,130,63
TCH,1972,4,219,51
TCH,1976,3,206,42
TCH,1980,1,242,74
TCH,1988,5,208,13
TCH,1992,5,247,17
TGA,1984,0,7,0
TGA,1988,0,7,0
TGA,1992,0,5,0
TGA,1996,0,4,1
TGA,2000,0,3,0
TGA,2004,0,5,0
TGA,2008,0,3,0
TGA,2012,0,3,0
TGA,2016,0,6,1
TGA,2020,0,6,0
TGA,2024,0,4,0
THA,1952,0,15,0
THA,1956,0,40,0
THA,1960,0,24,0
THA,1964,0,67,0
THA,1968,0,46,0
THA,1972,0,37,0
THA,1976,0,61,1
THA,1984,0,39,1
THA,1988,0,13,2
THA,1992,0,61,3
THA,1996,0,56,2
THA,2000,0,63,5
THA,2004,1,40,10
THA,2008,1,46,6
THA,2012,0,40,3
THA,2016,1,52,5
THA,2020,1,46,1
THA,2024,1,52,5
TJK,1996,0,8,0
TJK,2000,0,4,0
TJK,2004,0,7,2
TJK,2008,0,13,3
TJK,2012,0,12,4
TJK,2016,0,6,1
TJK,2020,0,8,2
TJK,2024,0,11,3
TKM,1996,0,7,0
TKM,2000,0,8,0
TKM,2004,0,10,0
TKM,2008,0,10,0
TKM,2012,0,9,1
TKM,2016,0,9,0
TKM,2020,0,9,1
TKM,2024,0,6,0
TLS,2004,0,2,0
TLS,2008,0,1,0
TLS,2012,0,2,0
TLS,2016,0,3,0
TLS,2020,0,3,0
TLS,2024,0,4,0
TOG,1972,0,7,0
TOG,1984,0,6,0
TOG,1988,0,6,0
TOG,1992,0,9,0
TOG,1996,0,7,0
TOG,2000,0,3,0
TOG,2004,0,2,1
TOG,2008,0,3,1
TOG,2012,0,5,1
TOG,2016,0,5,0
TOG,2020,0,4,0
TOG,2024,0,5,0
TPE,1956,0,21,2
TPE,1960,0,29,2
TPE,1964,0,91,5
TPE,1968,0,90,3
TPE,1972,0,44,0
TPE,1984,0,51,1
TPE,1988,0,122,1
TPE,1992,0,18,20
TPE,1996,2,103,2
TPE,2000,2,67,6
TPE,2004,1,86,17
TPE,2008,1,80,11
TPE,2012,1,46,8
TPE,2016,1,58,8
TPE,2020,3,78,36
TPE,2024,3,64,11
TTO,1948,0,8,1
TTO,1952,0,0,2
TTO,1956,0,8,2
TTO,1964,0,10,8
TTO,1968,0,22,3
TTO,1972,0,33,3
TTO,1976,0,18,2
TTO,1980,0,13,2
TTO,1984,0,19,4
TTO,1988,0,10,0
TTO,1992,2,11,0
TTO,1996,2,14,0
TTO,2000,4,22,3
TTO,2004,4,19,3
TTO,2008,6,25,4
TTO,2012,7,23,8
TTO,2016,6,30,7
TTO,2020,2,40,2
TTO,2024,1,22,0
TUN,1960,0,56,0
TUN,1964,2,9,1
TUN,1968,2,5,1
TUN,1972,2,35,0
TUN,1976,0,16,0
TUN,1984,0,28,0
TUN,1988,0,45,0
TUN,1992,0,15,0
TUN,1996,0,51,1
TUN,2000,1,46,0
TUN,2004,3,61,0
TUN,2008,3,23,3
TUN,2012,2,82,3
TUN,2016,2,59,4
TUN,2020,1,68,4
TUN,2024,0,28,3
TUR,1906,0,2,0
TUR,1912,0,7,0
TUR,1924,0,23,0
TUR,1928,0,40,0
TUR,1932,0,2,0
TUR,1936,1,59,2
TUR,1948,1,74,12
TUR,1952,0,54,4
TUR,1956,4,14,10
TUR,1960,5,47,6
TUR,1964,6,15,4
TUR,1968,1,25,4
TUR,1972,0,49,1
TUR,1976,0,27,1
TUR,1984,0,59,3
TUR,1988,1,49,1
TUR,1992,3,46,5
TUR,1996,4,51,6
TUR,2000,3,55,9
TUR,2004,2,60,12
TUR,2008,1,53,17
TUR,2012,1,108,10
TUR,2016,2,107,10
TUR,2020,2,120,17
TUR,2024,3,135,27
TUV,2008,0,3,0
TUV,2012,0,3,0
TUV,2016,0,1,0
TUV,2020,0,2,0
TUV,2024,0,2,0
UAE,1984,0,11,0
UAE,1988,0,36,0
UAE,1992,0,36,0
UAE,1996,0,4,0
UAE,2000,0,3,2
UAE,2004,0,3,2
UAE,2008,0,7,2
UAE,2012,0,26,0
UAE,2016,0,11,1
UAE,2020,0,5,0
UAE,2024,0,16,0
UAR,1960,0,121,2
UGA,1956,0,5,0
UGA,1960,0,16,0
UGA,1964,0,19,0
UGA,1968,0,12,2
UGA,1972,0,33,2
UGA,1980,0,13,3
UGA,1984,0,30,0
UGA,1988,0,30,0
UGA,1992,0,9,0
UGA,1996,0,11,1
UGA,2000,0,12,1
UGA,2004,0,11,0
UGA,2008,0,11,0
UGA,2012,0,15,1
UGA,2016,3,18,2
UGA,2020,3,22,3
UGA,2024,3,22,2
UKR,1996,33,227,91
UKR,2000,15,241,112
UKR,2004,20,242,95
UKR,2008,16,254,57
UKR,2012,18,224,62
UKR,2016,22,215,35
UKR,2020,9,174,42
UKR,2024,14,174,24
UNK,1912,0,2,0
URS,1952,116,211,124
URS,1956,121,136,154
URS,1960,118,143,153
URS,1964,134,150,179
URS,1968,166,154,151
URS,1972,162,167,202
URS,1976,191,136,247
URS,1980,205,88,367
URS,1988,159,210,278
URU,1924,8,25,7
URU,1928,8,0,9
URU,1932,0,5,1
URU,1936,0,39,1
URU,1948,0,66,13
URU,1952,0,27,15
URU,1956,0,16,13
URU,1960,0,36,6
URU,1964,0,28,1
URU,1968,0,50,0
URU,1972,0,20,0
URU,1976,0,13,2
URU,1984,0,23,0
URU,1988,1,17,0
URU,1992,0,18,0
URU,1996,0,14,1
URU,2000,0,16,1
URU,2004,0,16,2
URU,2008,0,12,1
URU,2012,0,27,0
URU,2016,0,17,0
URU,2020,0,11,0
URU,2024,0,27,0
USA,1896,14,3,10
USA,1900,34,43,58
USA,1904,204,493,412
USA,1906,37,24,20
USA,1908,68,87,64
USA,1912,115,133,116
USA,1920,171,173,129
USA,1924,112,184,163
USA,1928,74,233,119
USA,1932,84,456,203
USA,1936,48,289,150
USA,1948,81,209,134
USA,1952,72,235,144
USA,1956,75,259,109
USA,1960,84,250,94
USA,1964,94,264,134
USA,1968,126,291,112
USA,1972,128,312,138
USA,1976,107,301,146
USA,1984,185,234,274
USA,1988,141,383,191
USA,1992,169,362,203
USA,1996,179,421,239
USA,2000,169,353,242
USA,2004,207,275,244
USA,2008,202,296,265
USA,2012,213,287,189
USA,2016,203,324,192
USA,2020,185,361,310
USA,2024,196,372,286
UZB,1996,7,84,4
UZB,2000,7,70,8
UZB,2004,3,69,7
UZB,2008,1,55,13
UZB,2012,1,46,9
UZB,2016,3,55,22
UZB,2020,4,73,8
UZB,2024,4,101,14
VAN,1988,0,6,0
VAN,1992,0,8,0
VAN,1996,0,4,0
VAN,2000,0,3,0
VAN,2004,0,2,0
VAN,2008,0,3,0
VAN,2012,0,5,0
VAN,2016,0,4,0
VAN,2020,0,3,0
VAN,2024,0,6,0
VEN,1932,0,1,0
VEN,1948,0,2,0
VEN,1952,0,61,2
VEN,1956,0,37,1
VEN,1960,0,49,5
VEN,1964,0,22,1
VEN,1968,0,27,3
VEN,1972,0,31,2
VEN,1976,0,55,1
VEN,1980,0,39,4
VEN,1984,0,37,7
VEN,1988,1,13,3
VEN,1992,0,27,0
VEN,1996,0,51,2
VEN,2000,0,64,1
VEN,2004,0,48,5
VEN,2008,0,116,10
VEN,2012,0,82,3
VEN,2016,0,98,7
VEN,2020,0,42,5
VEN,2024,0,37,0
VIE,1980,0,38,0
VIE,1988,0,12,0
VIE,1992,0,10,0
VIE,1996,0,6,0
VIE,2000,0,6,1
VIE,2004,0,11,0
VIE,2008,0,17,1
VIE,2012,2,22,0
VIE,2016,2,26,0
VIE,2020,0,23,0
VIE,2024,0,20,0
VIN,1988,0,6,0
VIN,1992,0,8,0
VIN,1996,0,12,0
VIN,2000,0,4,0
VIN,2004,0,3,0
VIN,2008,0,2,0
VIN,2012,0,3,0
VIN,2016,0,4,0
VIN,2020,0,3,0
VIN,2024,0,4,0
VNM,1952,0,13,0
VNM,1956,0,10,0
VNM,1960,0,5,0
VNM,1964,0,23,0
VNM,1968,0,9,0
VNM,1972,0,2,0
WIF,1960,0,12,8
YAR,1984,0,3,0
YAR,1988,0,8,0
YEM,1992,0,8,0
YEM,1996,0,4,0
YEM,2000,0,2,0
YEM,2004,0,3,0
YEM,2008,0,8,0
YEM,2012,0,4,0
YEM,2016,0,3,0
YEM,2020,0,6,0
YEM,2024,0,4,0
YMD,1988,0,5,0
YUG,1920,0,15,0
YUG,1924,10,79,27
YUG,1928,7,30,49
YUG,1932,0,1,0
YUG,1936,8,149,16
YUG,1948,0,141,21
YUG,1952,0,168,26
YUG,1956,2,13,22
YUG,1960,10,145,30
YUG,1964,14,95,14
YUG,1968,18,91,21
YUG,1972,5,178,29
YUG,1976,11,56,28
YUG,1980,24,105,51
YUG,1984,32,51,71
YUG,1988,26,94,63
ZAM,1964,1,14,0
ZAM,1968,0,7,0
ZAM,1972,0,12,0
ZAM,1980,0,43,0
ZAM,1984,0,17,1
ZAM,1988,0,31,2
ZAM,1992,0,10,1
ZAM,1996,0,7,1
ZAM,2000,0,7,1
ZAM,2004,0,6,0
ZAM,2008,0,8,0
ZAM,2012,0,7,0
ZAM,2016,0,7,0
ZAM,2020,0,31,0
ZAM,2024,0,30,2
ZIM,1928,0,2,0
ZIM,1960,0,10,0
ZIM,1964,0,33,0
ZIM,1980,0,36,16
ZIM,1984,0,20,0
ZIM,1988,0,47,0
ZIM,1992,0,28,0
ZIM,1996,0,21,0
ZIM,2000,4,22,0
ZIM,2004,3,11,0
ZIM,2008,4,12,0
ZIM,2012,3,6,0
ZIM,2016,2,29,0
ZIM,2020,0,5,0
ZIM,2024,0,7,0
